                                                                      PAGE   1
                                                                      15 Sep 26
                                                                      18:43:54
Offset  Data    Source Line      Microsoft (R) QuickBASIC Compiler Version 4.50

 0030   0006    REM $DYNAMIC
 0030   0006    '--Dark Visions  by Rob & Jon Kreuzer--
 0030   0006    'Programmed in QuickBASIC 4.5
 0030   0006    
 0030   0006    '----- SUB declarations
 0030   0006    DECLARE SUB Intro ()
 0030   0006    DECLARE SUB Credits (gd%)
 0030   0006    DECLARE SUB invhi ()
 0030   0006    DECLARE SUB SlotScreen (fontData() AS INTEGER, mvint AS INTEGER
                , msen AS SINGLE, mode AS INTEGER, dead AS INTEGER, act AS INTE
                GER)
 0030   0006    DECLARE SUB MainMenu (fontData() AS INTEGER, mvint AS INTEGER, 
                msen AS SINGLE, act AS INTEGER, dead AS INTEGER)
 0030   0006    DECLARE SUB ReviveShow (mvint AS INTEGER, msen AS SINGLE)
 0030   0006    DECLARE SUB drawcur ()
 0030   0006    DECLARE SUB erasecur ()
 0030   0006    DECLARE SUB InitVars ()
 0030   0006    DECLARE SUB Snd1 ()
 0030   0006    DECLARE SUB Snd2 ()
 0030   0006    DECLARE SUB Snd3 ()
 0030   0006    DECLARE SUB Snd4 ()
 0030   0006    DECLARE SUB Snd5 ()
 0030   0006    DECLARE SUB QuitConfirm ()
 0030   0006    DECLARE SUB DrawYNBox (msg AS STRING, dk AS INTEGER, fontData()
                 AS INTEGER)
 0030   0006    DECLARE SUB YNWait (mvint AS INTEGER, msen AS SINGLE, dk AS INT
                EGER, res AS INTEGER)
 0030   0006    DECLARE SUB DeathMusic ()
 0030   0006    DECLARE SUB LoadConfig ()
 0030   0006    DECLARE SUB LoadMsgs (nf$())
 0030   0006    DECLARE SUB UseMissLine (sel, wantbs, out$)
 0030   0006    DECLARE SUB MovParse (s$, mdx%(), mdy%(), mn%, bx1%, by1%, bx2%
                , by2%)
 0030   0006    DECLARE SUB OvPlayer (x1, y1, x2, y2, pjx2, pjy2, np, ov%)
 0030   0006    DECLARE SUB LookMissLine (bx%, ay%, ox%(), oy%(), nf$(), out$)
 0030   0006    DECLARE SUB AnimDims (acPct%(), acN%(), acs, adw, adh)
 0030   0006    DECLARE SUB AnimK (acPct%(), acN%(), acs, kk%)
 0030   0006    DECLARE SUB FpsTick ()
 0030   0006    DECLARE SUB MxyTick (mx%, my%, bx, ay, snr2, ox%(), oy%(), oi%(
                ), ky$())
 0030   0006    DECLARE SUB HitZones (hz$, snr2, ox%(), oy%(), oi%(), ky$())
 0030   0006    DECLARE SUB DirDigit (l$, d$)
 0030   0006    DECLARE SUB AnimParse (s$, fsq%(), nfr2%)
 0030   0006    DECLARE SUB AnimWait (rate2)
 0030   0006    DECLARE SUB InvReSel (cilist%(), cic2, lv%, is2, iv2, ivm)
 0030   0006    DECLARE SUB RmPal (co2, p1, p2, p3)
 0030   0006    DECLARE SUB LoadFade (co2, p1, p2, p3)
 0030   0006    DECLARE SUB InvNav (k$, nvz, nvb, isel, cic, invtab, ivscr, ivm
                ax, mx2%, my2%, act%)
 0030   0006    DECLARE SUB JoyNav (d$)
 0030   0006    DECLARE SUB JoyPoll (a2$, vk2$)
 0030   0006    DECLARE SUB CombChk (s%, c%, r%)
 0030   0006    DECLARE SUB CombDo2 (r%, ob(), cn%)
 0030   0006    DECLARE SUB initAllFonts (fontData() AS INTEGER, font3Data() AS
                                                                      PAGE   2
                                                                      15 Sep 26
                                                                      18:43:54
Offset  Data    Source Line      Microsoft (R) QuickBASIC Compiler Version 4.50

                 INTEGER, fontbData() AS INTEGER)
 0030   0006    DECLARE SUB drawChar (x AS INTEGER, y AS INTEGER, char AS STRIN
                G, textColor AS INTEGER, fontData() AS INTEGER)
 0030   0006    DECLARE SUB drawText (x AS INTEGER, y AS INTEGER, text AS STRIN
                G, textColor AS INTEGER, fontData() AS INTEGER)
 0030   0006    DECLARE SUB drawWrap (x AS INTEGER, y AS INTEGER, txt AS STRING
                , col AS INTEGER, maxc AS INTEGER, lineh AS INTEGER, fontData()
                 AS INTEGER)
 0030   0006    DECLARE FUNCTION textWidth (text AS STRING, fontData() AS INTEG
                ER)
 0030   0006    DECLARE SUB drawStats (ob() AS SINGLE, cl AS SINGLE, cr AS SING
                LE, fontData() AS INTEGER)
 0030   0006    DECLARE SUB drawMsg (s AS STRING, fontData() AS INTEGER)
 0030   0006    DECLARE SUB HudUse (sel2 AS INTEGER, ob() AS SINGLE, sn$(), fon
                tData() AS INTEGER)
 0030   0006    DECLARE SUB introShowCarr ()
 0030   0006    DECLARE SUB introFadeCredit ()
 0030   0006    DECLARE SUB showBook (sel AS SINGLE, fontData() AS INTEGER)
 0030   0006    DECLARE SUB MapView (hasmap AS INTEGER, curRoom AS INTEGER, vis
                 AS LONG, mvint AS INTEGER, msen AS SINGLE)
 0030   0006    DECLARE SUB PStand (d$, px!, py!, nopl!, fbg%(), fd%(), mfd%(),
                 fu%(), mfu%(), fr%(), mfr%(), fl%(), mfl%(), fdl%(), mfdl%(), 
                fdr%(), mfdr%(), ful%(), mful%(), fur%(), mfur%(), ovf%())
 0030   0006    DECLARE SUB PStep (x!, y!, fb%, sfrq!, sdur!, ofs%, wa%(), mwa%
                (), wb%(), mwb%(), wbg%(), ovf%())
 0030   0006    DECLARE SUB LoadWalks (cwa%(), cmwa%(), cwb%(), cmwb%())
 0030   0006    DECLARE SUB OvReg (ovf%(), afrm%(), amfrm%(), anpf!, ovh!, ovne
                xt!, PX!, PY!)
 0030   0006    DECLARE SUB ClimbSeq (up%, x!, y0!, y1!, sfrq!, wa%(), mwa%(), 
                wb%(), mwb%(), wbg%(), ovf%())
 0030   0006    DECLARE SUB KillChk (q2$, w!, h9b!, t1b!, t2b!, t3b!, f3b!, kw%
                )
 0030   0006    DECLARE SUB ShadLoad (sdt%())
 0030   0006    DECLARE SUB ShadRoom (q2$)
 0030   0006    DECLARE SUB ShadTick (q2$, clv!, h9b!, t1b!, t2b!, t3b!, ob43%,
                 pjxv!, pjyv!, bv!, av!, sdt%(), bop$, blt$, fbg%())
 0030   0006    DECLARE SUB PGrab (lf2$, fd%(), mfd%(), fu%(), mfu%(), fr%(), m
                fr%(), fl%(), mfl%(), fdl%(), mfdl%(), fdr%(), mfdr%(), ful%(),
                 mful%(), fur%(), mfur%())
 0030   0006    DECLARE SUB LookDir (bx!, ay!, px2!, py2!, d2$)
 0030   0006    DECLARE SUB DialGame (sf3!, sf4!, ob() AS SINGLE)
 0030   0006    DECLARE SUB BurnShow ()
 0030   0006    DECLARE SUB CursorPats (px!(), py!(), pc!(), npix!())
 0030   0006    DECLARE SUB walkTo (tx!, ty!, px!, py!, sfrq!, cwa%(), cmwa%(),
                 cwb%(), cmwb%(), wbg%(), ovf%())
 0030   0006    DECLARE SUB PicSeq (sq$, fr$, rate%, sn2$)
 0030   0006    DECLARE SUB ShowRules ()
 0030   0006    DECLARE SUB LogoShow ()
 0030   0006    DECLARE SUB ManualShow (msen AS SINGLE)
 0030   0006    DECLARE SUB ShowInstructions (msen AS SINGLE)
 0030   0006    
 0030   0006    '----- assembly interrupt support (INT 33h mouse)
 0030   0006    TYPE RegType
 0030   0006            ax AS INTEGER
                                                                      PAGE   3
                                                                      15 Sep 26
                                                                      18:43:54
Offset  Data    Source Line      Microsoft (R) QuickBASIC Compiler Version 4.50

 0030   0006            bx AS INTEGER
 0030   0006            cx AS INTEGER
 0030   0006            dx AS INTEGER
 0030   0006            bp AS INTEGER
 0030   0006            si AS INTEGER
 0030   0006            di AS INTEGER
 0030   0006            flags AS INTEGER
 0030   0006    END TYPE
 0030   0006    DECLARE SUB INTERRUPT (intnum AS INTEGER, inreg AS RegType, out
                reg AS RegType)
 0030   0006    TYPE RegTypeX
 0030   0006            ax AS INTEGER
 0030   0006            bx AS INTEGER
 0030   0006            cx AS INTEGER
 0030   0006            dx AS INTEGER
 0030   0006            bp AS INTEGER
 0030   0006            si AS INTEGER
 0030   0006            di AS INTEGER
 0030   0006            flags AS INTEGER
 0030   0006            ds AS INTEGER
 0030   0006            es AS INTEGER
 0030   0006    END TYPE
 0030   0006    DECLARE SUB INTERRUPTX (intnum AS INTEGER, inreg AS RegTypeX, o
                utreg AS RegTypeX)
 0030   0006    
 0030   0006    '----- shared timers and counters
 0030   0006    DIM SHARED cr AS SINGLE
 0030   0006    DIM SHARED t0 AS SINGLE
 0030   0006    DIM SHARED ti AS SINGLE
 0030   0006    DIM SHARED td AS SINGLE
 0030   0006    DIM SHARED pt AS SINGLE
 0030   0006    
 0030   0006    '----- shared scalars and strings
 0030   0006    DIM SHARED q$, a$, done$, tt$, lf$, sl$, dop$, vk$, tk$, m$, sf
                $, sy$
 0030   0006    DIM SHARED cl, h9, h10, h11, hr, mn, t1, t2, t3, cv
 0030   0006    DIM SHARED gw, gy, gx, sel, doc, sn, di, dn1, dn2, dn3
 0030   0006    COMMON SHARED f1, f2, f3, f4, f5, f6, f7, f8, f9, f10, sa, sb, 
                sc, mt, sfps, fpsc, fpst, jsen, inon, msen, snr, exsen, mxyon, 
                nfon, hzon$, klon, wksen, qkon, rvon, lgon
 0030   0006    COMMON SHARED mcur AS INTEGER, mvint AS INTEGER
 0030   0006    DIM SHARED pk, jx, jy, dx2, dy2, co, co2, pa1, pa2, pa3
 0030   0006    DIM SHARED oh, ohs, pz, j, pc, pp2, gm, tmo, wk, js0, js1
 0030   0006    DIM SHARED fpsv, fpsd
 0030   0006    DIM SHARED ifc, it0, itt
 0030   0006    DIM SHARED mlb, mrb, mshown, cshp, hovr
 0030   0006    DIM SHARED nf$(25), nfseed, lcount, lastlx, lastly, lh1, lh2, l
                h3
 004D   0144    '----- usemiss: acthit = the last action call fired an object (
                0 = the click/use
 004D   0144    '----- resolved to nothing); wantbs = a use point hit whose bs 
                wanted a DIFFERENT
 004D   0144    '----- item (0 = none) -- lets UseMissLine (GAME2) answer key-o
                n-wrong-lock specially
                                                                      PAGE   4
                                                                      15 Sep 26
                                                                      18:43:54
Offset  Data    Source Line      Microsoft (R) QuickBASIC Compiler Version 4.50

 004D   0144    DIM SHARED acthit, wantbs
 004D   014C    DIM SHARED mreg AS RegType, mout AS RegType
 004D   016C    DIM SHARED mhsx AS INTEGER, mhsy AS INTEGER, mxor, mraw
 004D   0178    DIM SHARED mregx AS RegTypeX, moutx AS RegTypeX
 004D   01A0    DIM SHARED cmask(31) AS INTEGER
 0065   01B2    DIM SHARED arow$(15)
 007D   01C4    DIM SHARED px(4, 80), py(4, 80), pc(4, 80), npix(4)
 00EF   0218    DIM SHARED curbuf(100), cdrawn, cox, coy
 0107   0236    DIM SHARED mx AS INTEGER, my AS INTEGER, nmx AS INTEGER, nmy AS
                 INTEGER, lmx AS INTEGER, lmy AS INTEGER
 0107   0242    DIM SHARED fontData(2047) AS INTEGER
 011F   0254    DIM SHARED font3Data(2047) AS INTEGER
 0137   0266    DIM SHARED fontbData(2047) AS INTEGER
 014F   0278    DIM SHARED curp$(15)
 0167   028A    DIM SHARED cbg(100) AS INTEGER
 017F   029C    
 017F   029C    '----- shared sprite/door buffers
 017F   029C    DIM SHARED wa(150) AS INTEGER
 0197   02AE    DIM SHARED wb(300) AS INTEGER
 01AF   02C0    DIM SHARED fd(150) AS INTEGER
 01C7   02D2    DIM SHARED fu(300) AS INTEGER
 01DF   02E4    DIM SHARED fr(300) AS INTEGER
 01F7   02F6    DIM SHARED fl(300) AS INTEGER
 020F   0308    DIM SHARED fdl(300) AS INTEGER
 0227   031A    DIM SHARED fdr(300) AS INTEGER
 023F   032C    DIM SHARED ful(300) AS INTEGER
 0257   033E    DIM SHARED fur(300) AS INTEGER
 026F   0350    '----- masks for the 8 face sprites (AND-mask) + save-under for
                 the standing player at (140,130)
 026F   0350    DIM SHARED mfd(150) AS INTEGER
 0287   0362    DIM SHARED mfu(150) AS INTEGER
 029F   0374    DIM SHARED mfr(150) AS INTEGER
 02B7   0386    DIM SHARED mfl(150) AS INTEGER
 02CF   0398    DIM SHARED mfdl(150) AS INTEGER
 02E7   03AA    DIM SHARED mfdr(150) AS INTEGER
 02FF   03BC    DIM SHARED mful(150) AS INTEGER
 0317   03CE    DIM SHARED mfur(150) AS INTEGER
 032F   03E0    DIM SHARED fbg(150) AS INTEGER
 0347   03F2    '----- masks for the shared walk-frame buffers (wa/wb) + a per-
                frame save-under for the moving player
 0347   03F2    DIM SHARED mwa(150) AS INTEGER
 035F   0404    DIM SHARED mwb(150) AS INTEGER
 0377   0416    DIM SHARED wbg(210) AS INTEGER
 038F   0428    '----- player position (top-left of the 31x31 sprite box), walk
                able band for
 038F   0428    '----- walk-to stand points (defaults, or a "-1,xmin,xmax,ymin,
                ymax" line after
 038F   0428    '----- the .pac anim placements; ymin = highest allowed sprite 
                TOP, ymax =
 038F   0428    '----- lowest allowed sprite BOTTOM), and the room loadroom las
                t loaded
 038F   0428    '----- (position is kept on a same-room reload like the invento
                ry return)
 038F   0428    DIM SHARED pjx, pjy, wbmin, wbmax, wbymin, wbymax, lrq$
                                                                      PAGE   5
                                                                      15 Sep 26
                                                                      18:43:54
Offset  Data    Source Line      Microsoft (R) QuickBASIC Compiler Version 4.50

 038F   0444    '----- per-object authored walk-to stand points from the .pac (
                "-2,obj,x,y,dir"
 038F   0444    '----- records): feet-center x/y (spx=-1 none) + facing digit (
                0 = auto lookdir)
 038F   0444    DIM SHARED spx(25) AS INTEGER, spy(25) AS INTEGER, spd(25) AS I
                NTEGER
 03D7   047A    '----- startup-cached walk frames, 4 direction sets at slot d*1
                51 (0=down/joew1, 1=up/joew2, 2=right/joew3, 3=left/joew4)
 03D7   047A    '----- 8-direction walk cache (REDIM = dynamic -> far heap; 8 s
                lots x 151 ints; DGROUP is nearly full)
 03D7   047A    REDIM SHARED cwa(1207) AS INTEGER, cwb(1207) AS INTEGER, cmwa(1
                207) AS INTEGER, cmwb(1207) AS INTEGER
 0437   04C2    '----- data-driven animation system: ANIMS.PAC library + per-ro
                om placements
 0437   04C2    DIM SHARED nAnim AS INTEGER, nPlace AS INTEGER
 0437   04C6    DIM SHARED anId(70) AS INTEGER, anRate(70) AS INTEGER
 0467   04EA    DIM SHARED anName$(70), anType$(70), anSrc$(70), anFrames$(70),
                 anMode$(70), anPal$(70), anSnd$(70)
 050F   0568    DIM SHARED plAnim(20) AS INTEGER, plX(20) AS INTEGER, plY(20) A
                S INTEGER, plCond(20) AS INTEGER, plSet(20) AS INTEGER
 0587   05C2    '----- scratch buffers for the generic .pct/.msk frame loader (
                de-interleave + masked draw)
 0587   05C2    '----- anim frame buffers: 460 ints = frames up to ~110x32 for 
                static/hold composites;
 0587   05C2    '----- loop/random/once stay <=31x31 (their save-under slots ar
                e 150 ints)
 0587   05C2    DIM SHARED afrm(460) AS INTEGER, amfrm(460) AS INTEGER, fsq(30)
                 AS INTEGER
 05CF   05F8    '----- anim source cache: each .pct/.msk pair parsed from disk 
                ONCE, then reused (6 slots,
 05CF   05F8    '----- round-robin evict). REDIM = dynamic arrays in the far he
                ap, so DGROUP is untouched.
 05CF   05F8    REDIM SHARED acPct(6, 1600) AS INTEGER, acMsk(6, 1600) AS INTEG
                ER
 060D   0624    DIM SHARED acSrc$(6), acN(6) AS INTEGER, acM(6) AS INTEGER
 0655   065A    '----- foreground overlays ("fg" mode): furniture the player wa
                lks BEHIND. ovf(0)=count,
 0655   065A    '----- then 4 ints per overlay (x, y, pct start, msk start), fr
                ame data packed after 17;
 0655   065A    '----- PStand/PStep re-PUT any overlay that intersects the play
                er box (GAME5 OvTop)
 0655   065A    REDIM SHARED ovf(1500) AS INTEGER
 066D   066C    '----- room9 gateopen cutscene save-under (union of the rope ov
                erlay rects)
 066D   066C    REDIM SHARED gsv(2100) AS INTEGER
 0685   067E    '----- shadow-door watcher pixel pool (SHADW2.PAC v5 raw blocks
                ; parsed/drawn
 0685   067E    '----- by GAME2 ShadLoad/ShadTick -- far heap, 4 watchers outgr
                ew DGROUP) +
 0685   067E    '----- the two CALL ABSOLUTE blitter routines (velocity-style .
                OVL strings)
 0685   067E    REDIM SHARED sdwDat(27000) AS INTEGER
 069D   0690    DIM SHARED sdwB1$, sdwB2$, sdwlf$
 069D   069C    '----- active loop-animation instances for the current room (id
                                                                      PAGE   6
                                                                      15 Sep 26
                                                                      18:43:54
Offset  Data    Source Line      Microsoft (R) QuickBASIC Compiler Version 4.50

                le-loop tick)
 069D   069C    DIM SHARED nLoop AS INTEGER
 069D   069E    DIM SHARED liAnim(4) AS INTEGER, liX(4) AS INTEGER, liY(4) AS I
                NTEGER, liCur(4) AS INTEGER, liRate(4) AS INTEGER
 0715   06F8    DIM SHARED liLast(4) AS SINGLE, liSaveAll(850) AS INTEGER
 0742   071C    '----- random mode: liWait = seconds until the next frame advan
                ce; liMin/liMax = the random
 0742   071C    '----- per-frame hold (seconds) -- every frame shows min..max s
                 ("random min max" in ANIMS.PAC)
 0742   071C    DIM SHARED liWait(4) AS SINGLE, liMin(4) AS SINGLE, liMax(4) AS
                 SINGLE
 0781   0752    '----- liW/liH = instance frame size (= its save-under GET size
                , from animdims)
 0781   0752    DIM SHARED liW(4) AS INTEGER, liH(4) AS INTEGER
 07B1   0776    '----- liCond = the instance's placement cond; negative = "whil
                e flag OFF" -- the
 07B1   0776    '----- loop freezes the moment ob(-cond) turns ON (tick-tock un
                til the clock slides)
 07B1   0776    DIM SHARED liCond(4) AS INTEGER
 07C9   0788    '----- plStat = per-placement "static frame is on screen" -- le
                ts reanim composite a
 07C9   0788    '----- flag-gated static sprite the moment its flag trips, exac
                tly once
 07C9   0788    DIM SHARED plStat(20) AS INTEGER
 07E1   079A    '----- move-mode anims: per-step 1px deltas parsed from the scr
                ipt (GAME2 MovParse)
 07E1   079A    DIM SHARED mdx(60) AS INTEGER, mdy(60) AS INTEGER
 0811   07BE    '----- an unplayed move placement SHOWS frame 0 at its start sp
                ot; mvSave holds the
 0811   07BE    '----- background under that idle frame so the travel can lift 
                it cleanly (mvSp = owner)
 0811   07BE    DIM SHARED mvSave(210) AS INTEGER, mvSp AS INTEGER
 0829   07D2    '----- xus = per-object "use consumes the item" (tg suffix "x" 
                in the .pac)
 0829   07D2    DIM SHARED xus(25) AS INTEGER
 0841   07E4    '----- lvsel = the ITEM selected when the inventory was last cl
                osed (0 = none);
 0841   07E4    '----- reselected on reopen (by item number -- the grid order c
                an shift)
 0841   07E4    DIM SHARED lvsel AS INTEGER
 0841   07E6    
 0841   07E6    '----- shared world and inventory arrays
 0841   07E6    DIM SHARED bk(100)
 0859   07F8    DIM SHARED bk2(100)
 0871   080A    DIM SHARED gr(1700)
 0889   081C    DIM SHARED ob(100)
 08A1   082E    DIM SHARED oy(257) AS INTEGER
 08B9   0840    DIM SHARED ox(257) AS INTEGER
 08D1   0852    DIM SHARED oi(257) AS INTEGER
 08E9   0864    DIM SHARED df$(100)
 0901   0876    DIM SHARED ms$(150)
 0919   0888    DIM SHARED ky$(150)
 0931   089A    DIM SHARED bs(100)
 0949   08AC    DIM SHARED cs(100)
                                                                      PAGE   7
                                                                      15 Sep 26
                                                                      18:43:54
Offset  Data    Source Line      Microsoft (R) QuickBASIC Compiler Version 4.50

 0961   08BE    DIM SHARED st(150)
 0979   08D0    DIM SHARED tg$(150)
 0991   08E2    DIM SHARED dn$(65)
 09A9   08F4    DIM SHARED sn$(65)
 09C1   0906    DIM SHARED iord(36)
 09D9   0918    '----- mrn = last real room number (map screen dot + visited ma
                rking)
 09D9   0918    DIM SHARED mrn
 09D9   091C    DIM SHARED gp(100)
 09F1   092E    DIM SHARED er1(400)
 0A09   0940    DIM SHARED d(300)
 0A21   0952    DIM SHARED tilarr(12900) AS INTEGER
 0A39   0964    DIM SHARED iconarr(9600) AS INTEGER
 0A51   0976    DIM SHARED kmarr(9600) AS INTEGER
 0A69   0988    DIM SHARED dsav(250) AS INTEGER
 0A81   099A    DIM SHARED tix(65) AS INTEGER
 0A99   09AC    DIM SHARED cilist(40) AS INTEGER
 0AB1   09BE    DIM SHARED aqo(65) AS INTEGER
 0AC9   09D0    DIM SHARED nwf(65) AS INTEGER
 0AE1   09E2    DIM SHARED starr(10) AS INTEGER
 0AF9   09F4    DIM SHARED aqc AS INTEGER
 0AF9   09F6    
 0AF9   09F6    '----- shared save-slot arrays
 0AF9   09F6    DIM SHARED slvAct AS INTEGER
 0AF9   09F8    
 0AF9   09F8    '----- startup
 0AF9   09F8    tmo = 2
 0AF9   09F8    'COM() statements in this programme
 0AF9   09F8    '----- reset the 8253 timer (channel 0) to the standard 18.2 Hz
                 tick.  Win98
 0AF9   09F8    '      "MS-DOS mode" can hand off with channel 0 left reprogram
                med faster,
 0AF9   09F8    '      which shortens SOUND durations (the intro races past) an
                d skews TIMER
 0AF9   09F8    '      (the in-room clock) -- prime suspect for the MS-DOS-mode
                 rush + lock-up.
 0AF9   09F8    '      No-op on a healthy DOS boot (it's already 18.2 Hz there)
                .
 0AF9   09F8    OUT &H43, &H36
 0AF9   09F8    OUT &H40, 0
 0AF9   09F8    OUT &H40, 0
 0AF9   09F8    CALL InitVars
 0B18   09F8    CALL LoadConfig
 0B1D   09F8    CALL initAllFonts(fontData(), font3Data(), fontbData())
 0B2E   09F8    '----- guard Intro's cutscene sound loops on fast CPUs: QB's SO
                UND runtime
 0B2E   09F8    '      can raise "Illegal function call" in the tight loops on 
                hardware far
 0B2E   09F8    '      faster than this 1993 intro targets.  Intro has no handl
                er of its own
 0B2E   09F8    '      (it runs before the ON ERROR GOTO errhand below).  RESUM
                E NEXT would
 0B2E   09F8    '      need /X, which overflows the 64K module, so on such an e
                rror introSkip
                                                                      PAGE   8
                                                                      15 Sep 26
                                                                      18:43:54
Offset  Data    Source Line      Microsoft (R) QuickBASIC Compiler Version 4.50

 0B2E   09F8    '      bails out of the cutscene to introDone -- the intro ends
                 early but the
 0B2E   09F8    '      game runs instead of crashing to DOS.  (Throttle work re
                stores it.)
 0B2E   09F8    ON ERROR GOTO introSkip
 0B38   09F8    '----- tenthplay logo (GAME6, VGA/VESA via uGL) runs first, und
                er the same skips as the intro + its own logo= key
 0B38   09F8    IF inon <> 0 AND qkon = 0 AND lgon <> 0 THEN CALL LogoShow
 0B91   09F8    IF inon <> 0 AND qkon = 0 THEN CALL Intro
 0BCF   09F8    introDone:
 0BCF   09F8    ON ERROR GOTO 0
 0BDE   09F8    KEY OFF
 0BDE   09F8    t0 = TIMER
 0BDE   09F8    
 0BDE   09F8    '----- joystick button handlers
 0BDE   09F8    ON STRIG(2) GOSUB vact
 0C05   09F8    ON STRIG(0) GOSUB vlook
 0C12   09F8    ON STRIG(4) GOSUB vget
 0C20   09F8    ON STRIG(6) GOSUB vuse
 0C2E   09F8    GOSUB strigon
 0C36   09F8    GOSUB loadnames
 0C3E   09F8    GOSUB loadmsgs
 0C46   09F8    GOSUB mouseinit
 0C4E   09F8    ON ERROR GOTO errhand
 0C58   09F8    
 0C58   09F8    SCREEN 1
 0C58   09F8    CLS
 0C58   09F8    CLOSE
 0C58   09F8    GOSUB loadanims
 0C7F   09F8    GOSUB shadload
 0C87   09F8    CALL LoadWalks(cwa(), cmwa(), cwb(), cmwb())
 0C9C   09F8    
 0C9C   09F8    '----- quickstart=1 (dark.ini): drop straight into the game for
                 testing
 0C9C   09F8    '----- (joeface still runs -- it LOADS the 8 standing player sp
                rites)
 0C9C   09F8    IF qkon <> 0 THEN GOSUB joeface: GOTO qstart
 0CBD   09F8    
 0CBD   09F8    '----- title screen
 0CBD   09F8    SCREEN 1
 0CBD   09F8    PALETTE 3, 0
 0CBD   09F8    LOCATE 10, 12
 0CBD   09F8    PRINT "A Kreuzer Production"
 0CBD   09F8    a$ = INKEY$
 0CBD   09F8    GOSUB joeface
 0D12   09F8    a$ = INKEY$
 0D12   09F8    CALL introFadeCredit
 0D26   09F8    CLS
 0D26   09F8    
 0D26   09F8    '----- instructions prompt
 0D26   09F8    PRINT " Do you want instructions Y/N"
 0D26   09F8    IF sfps = 1 AND itt > .5 THEN LOCATE 3, 1: PRINT USING "Intro: 
                ### steps in ###.# secs"; ifc; itt
 0DAA   09F8    400 a$ = INKEY$
                                                                      PAGE   9
                                                                      15 Sep 26
                                                                      18:43:54
Offset  Data    Source Line      Microsoft (R) QuickBASIC Compiler Version 4.50

 0DAA   09F8    IF a$ <> "" THEN GOTO 430
 0DD0   09F8    GOTO 400
 0DD0   09F8    430 IF a$ = "Y" OR a$ = "y" THEN CALL ShowInstructions(msen)
 0E15   09F8    
 0E15   09F8    '----- enter the game
 0E15   09F8    qstart:
 0E15   09F8    b = 122
 0E15   09F8    a = 82
 0E15   09F8    DRAW "bm1,1c1r3d3l1u2l1d2l1u2"
 0E3B   0A00    GET (1, 1)-(4, 4), d
 0E3B   0A00    a$ = "2"
 0E3B   0A00    q$ = "room4"
 0E3B   0A00    GOSUB loadroom
 0E82   0A00    GOSUB face
 0E8A   0A00    GOTO mainloop
 0E8A   0A00    '----- rules screen: moved to GAME3 ShowRules (GAME.BAS is at t
                he 64K code ceiling)
 0E8A   0A00    
 0E8A   0A00            '----- password prompt
 0E8A   0A00            820 SCREEN 1
 0E8D   0A00            CLS
 0E8D   0A00            LOCATE 1, 1
 0E8D   0A00            PRINT "Whats the password?"
 0E8D   0A00            INPUT ""; a$
 0EE7   0A00            IF a$ = "YURI" OR a$ = "yuri" OR a$ = "Yuri" THEN GOTO 
                940
 0F3C   0A00            SYSTEM
 0F3C   0A00    
 0F3C   0A00            '----- credits roll
 0F3C   0A00            940 CLS
 0F41   0A00            GOSUB loadpac
 0F57   0A00            CLS
 0F57   0A00            LOCATE 1, 1
 0F57   0A00            PRINT "  GAME DESIGN"
 0F57   0A00            PRINT "--ROB KREUZER--"
 0F57   0A00            PRINT "--Jon Kreuzer--"
 0F57   0A00            FOR i = 1 TO 1000
 0F94   0A00            NEXT
 0FB8   0A04            PRINT "  STORYLINE"
 0FB8   0A04            PRINT "--ROB KREUZER--"
 0FB8   0A04            FOR i = 1 TO 1600
 0FD2   0A04            NEXT
 0FF6   0A04            PRINT "    MUSIC"
 0FF6   0A04            PRINT "--Rob Kreuzer--"
 0FF6   0A04            FOR i = 1 TO 1600
 1010   0A04            NEXT
 1034   0A04            PRINT " SOUND EFFECTS"
 1034   0A04            PRINT "--JON KREUZER--"
 1034   0A04            FOR i = 1 TO 1600
 104E   0A04            NEXT
 1072   0A04            PRINT "POINT ' CLICK INTERFACE"
 1072   0A04            PRINT "  --JON KREUZER--"
 1072   0A04            FOR i = 1 TO 1600
 108C   0A04            NEXT
                                                                      PAGE  10
                                                                      15 Sep 26
                                                                      18:43:54
Offset  Data    Source Line      Microsoft (R) QuickBASIC Compiler Version 4.50

 10B0   0A04            PRINT "   GRAPHICS"
 10B0   0A04            PRINT "--ROB KREUZER--"
 10B0   0A04            PRINT "--Jon Kreuzer--"
 10B0   0A04            FOR i = 1 TO 1600
 10D4   0A04            NEXT
 10F8   0A04            PRINT "    EDITING"
 10F8   0A04            PRINT "--JON KREUZER--"
 10F8   0A04            GOTO 1440
 10F8   0A04    
 10F8   0A04            '----- dead code: jingle (skipped by GOTO 1440 above)
 10F8   0A04            FOR i = 900 TO 300 STEP -10
 1116   0A04                    SOUND i, .5
 112E   0A04            NEXT
 1152   0A04            SOUND 32676, 3
 1163   0A04            FOR i = 50 TO 100 STEP 10
 116C   0A04                    SOUND i, .5
 1184   0A04                    SOUND f2, .05
 119C   0A04                    SOUND f1, 1
 11B4   0A04                    SOUND 32676, .1
 11C5   0A04            NEXT
 11E9   0A04            SOUND 32676, 1
 11FA   0A04            SOUND f3, .3
 1212   0A04            SOUND f1, .5
 122A   0A04            SOUND f3, .3
 1242   0A04            SOUND f1, .5
 125A   0A04            i = 3
 125A   0A04    
 125A   0A04            '----- final credit and wait for key
 125A   0A04            1440 FOR i = 1 TO 1600
 1274   0A04            NEXT
 1298   0A04            PRINT "    TEXT"
 1298   0A04            PRINT "--ROB KREUZER--"
 1298   0A04            PRINT "--Jon Kreuzer--"
 1298   0A04            PRINT "Hit a key to continue!"
 1298   0A04            1500 a$ = INKEY$
 12BC   0A04            IF a$ <> "" THEN GOTO 1530
 12E2   0A04            GOTO 1500
 12E2   0A04            1530 SYSTEM
 12E4   0A04    
 12E4   0A04    '----- combination dial puzzle
 12E4   0A04    dial:
 12EE   0A04            '----- safe dial minigame: body in GAME4 DialGame -- 64
                K ceiling
 12EE   0A04            CALL DialGame(f3, f4, ob())
 1304   0A04            RETURN
 1304   0A04    '----- error handler: show the error and exit cleanly
 1304   0A04    errhand:
 1309   0A04            ehcode = ERR: ehline = ERL
 1309   0A04            '----- keep this handler SOUND-FREE: a sound here can i
                tself fail on some
 1309   0A04            '      machines and hang before the message can be show
                n.
 1309   0A04            SCREEN 0: WIDTH 80: CLS
 1309   0A04            LOCATE 10, 5: PRINT "Dark Visions has hit an unexpected
                                                                      PAGE  11
                                                                      15 Sep 26
                                                                      18:43:54
Offset  Data    Source Line      Microsoft (R) QuickBASIC Compiler Version 4.50

                 error and must close."
 1309   0A04            LOCATE 12, 5: PRINT "  (error"; ehcode; "at line"; ehli
                ne; ")"
 1309   0A04            LOCATE 14, 5: PRINT "Press any key to exit..."
 1309   0A04            a$ = INPUT$(1)
 1309   0A04            SYSTEM
 1309   0A04    
 1309   0A04    '----- Intro-only error trap (armed around CALL Intro at startu
                p): on CPUs
 1309   0A04    '      far faster than 1993 hardware, QB's SOUND runtime can ra
                ise err 5 in
 1309   0A04    '      the cutscene sound loops.  Bail to introDone (just past 
                CALL Intro):
 1309   0A04    '      the cutscene ends early but the game continues instead o
                f crashing.
 1309   0A04    introSkip:
 1404   0A0C            RESUME introDone
 1411   0A0C    
 1411   0A0C    
 1411   0A0C    '----- Resolve action on object under cursor
 1411   0A0C    '----- clrtxt: wipe only the rows the last top message used
 1411   0A0C    clrtxt:
 1411   0A0C            IF txr > 0 THEN LINE (0, 0)-(319, 21), 0, BF
 1452   0A10            RETURN
 1452   0A10    
 1452   0A10    action:
 1457   0A10            GOSUB strigoff
 1464   0A10            GOSUB clrtxt: txr = 0
 146C   0A10            acthit = 0: wantbs = 0
 146C   0A10            cl = cl + 8
 146C   0A10            FOR i = 1 TO 257
 14AA   0A10                    IF b = ox(i) AND a = oy(i) THEN GOTO 6170
 151B   0A10                    6130 IF oy(i) <> 0# THEN GOTO 6150
 1550   0A10                    i = 257
 1550   0A10            6150 NEXT
 1588   0A10            RETURN
 1588   0A10    
 1588   0A10    '----- Object hit: validate verb and conditions
 1588   0A10    6170 oh = i
 158D   0A10            i = CINT(oi(i))
 158D   0A10            IF ky$(i) <> a$ THEN GOTO 6210
 15E9   0A10            GOTO 6230
 15E9   0A10            6210 i = oh
 15EC   0A10            GOTO 6130
 15EC   0A10            '----- use records need the item STRICTLY held (ob=1): 
                a consumed item
 15EC   0A10            '----- (state 2) satisfies flag checks but must not fir
                e uses
 15EC   0A10            6230 IF ky$(i) <> "u" THEN GOTO 6260
 162A   0A10            IF bs(i) = sel AND ob(sel) = 1 THEN GOTO 6260
 1695   0A10            wantbs = bs(i)
 1695   0A10            GOTO 6280
 1695   0A10            6260 IF bs(i) = 0 OR ob(bs(i)) >= 1 THEN GOTO 6300
 1741   0A10            6280 i = oh
                                                                      PAGE  12
                                                                      15 Sep 26
                                                                      18:43:54
Offset  Data    Source Line      Microsoft (R) QuickBASIC Compiler Version 4.50

 1741   0A10            GOTO 6130
 1741   0A10            6300 IF cs(i) = 0 OR ob(cs(i)) = 0 THEN GOTO 6340
 17DA   0A10            i = oh
 17DA   0A10            GOTO 6130
 17DA   0A10    
 17DA   0A10    '----- Apply state change and print message (get/use first walk
                 the player over)
 17DA   0A10    6340 acthit = 1
 17E9   0A10            GOSUB wlkitem
 1802   0A10            ob(CINT(st(i))) = 1
 1802   0A10            '----- getting the map (16) opens the map screen instea
                d of the inventory --
 1802   0A10            '----- deferred to after the action wraps up (dmq check
                ed in the mainloop)
 1802   0A10            IF (a$ = "g" OR a$ = "u") AND CINT(st(i)) = 16 THEN dmq
                 = 1: dm$ = ms$(i)
 18D0   0A18            IF a$ = "u" AND CINT(st(i)) = 68 THEN goq = 1
 1927   0A1C            '----- a consuming use takes the item out of the invent
                ory. State 2 = "used
 1927   0A1C            '----- up": gone from the inventory (which lists =1 onl
                y) but still counting
 1927   0A1C            '----- as taken for room conditions -- so its pickup sp
                ot never re-arms
 1927   0A1C            IF a$ = "u" AND xus(i) = 1 THEN ob(sel) = 2: CALL HudUs
                e(CINT(sel), ob(), sn$(), fontData())
 19B0   0A1E            '----- pickup sound now plays via the acquisition scan 
                (mainloop) so action-gets sound too
 19B0   0A1E            IF a$ <> "u" THEN GOTO 6400
 19C2   0A1E            CALL Snd3
 19C7   0A1E            6400 CALL drawMsg(ms$(i), font3Data()): txr = 1
 1A19   0A22            IF tg$(i) = "" THEN GOTO 6740
 1A4A   0A22            IF MID$(tg$(i), 2, 1) = "c" THEN sl$ = "s": tt$ = "y"
 1A97   0A22            IF LEFT$(tg$(i), 1) <> "w" THEN GOTO 6710
 1AC6   0A22    
 1AC6   0A22    '----- Trigger a walkout in the tagged direction (letter -> dig
                it via GAME2 DirDigit)
 1AC6   0A22            CALL DirDigit(RIGHT$(tg$(i), 1), exd$)
 1B06   0A2A            IF exd$ <> "" THEN
 1B06   0A2A                    ohs = i
 1B06   0A2A                    a$ = exd$
 1B06   0A2A                    wk = 1: GOSUB walkout: wk = 0
 1B45   0A2A                    i = ohs
 1B45   0A2A            END IF
 1B5D   0A2A    
 1B5D   0A2A    '----- Face the tagged direction. With walk-to on the direction
                 is COMPUTED
 1B5D   0A2A    '----- from the player's eyes toward the click (the data's hard
                coded letter
 1B5D   0A2A    '----- assumed a center-screen player); walkto=0 keeps the clas
                sic letter.
 1B5D   0A2A            6710 IF LEFT$(tg$(i), 1) <> "f" THEN GOTO 6740
 1B91   0A2A            '----- an authored stand-point facing already turned th
                e player (wlkdd)
 1B91   0A2A            IF wlkdd = 1 THEN GOTO 6740
                                                                      PAGE  13
                                                                      15 Sep 26
                                                                      18:43:54
Offset  Data    Source Line      Microsoft (R) QuickBASIC Compiler Version 4.50

 1BA7   0A2E            IF wksen = 1 THEN GOSUB lookdir ELSE a$ = RIGHT$(tg$(i)
                , 1)
 1BF2   0A2E            GOSUB face
 1BFA   0A2E    
 1BFA   0A2E    '----- Play follow-up sound and run any deferred action
 1BFA   0A2E            6740 IF st(i) = 47 OR st(i) = 41 THEN CALL Snd4
 1C6C   0A2E            IF st(i) = 19 THEN CALL Snd5
 1C9F   0A2E            IF df$(i) = "" THEN RETURN
 1CC9   0A2E            '----- "e"+dir exit (arrow-only, stand-point walk): arr
                ive in the next room
 1CC9   0A2E            '----- facing the exit's direction, exactly like a real
                 walkout would
 1CC9   0A2E            IF LEFT$(tg$(i), 1) = "e" THEN
 1CC9   0A2E                    CALL DirDigit(RIGHT$(tg$(i), 1), exd$)
 1D35   0A32                    IF exd$ <> "" THEN a$ = exd$
 1D54   0A32            END IF
 1D54   0A32            '----- the flag this action just set may trigger a scen
                e animation: play it BEFORE
 1D54   0A32            '----- leaving (unlock -> the door swings open -> THEN 
                the close-up loads);
 1D54   0A32            '----- reanim is play-once (plSet-marked) so it won't r
                eplay on later visits
 1D54   0A32            GOSUB reanim
 1D5C   0A32            FOR pz = 1 TO 500
 1D64   0A32            NEXT
 1D88   0A32            '----- rope climb out of the pit: the long ClimbSeq IS 
                the transition --
 1D88   0A32            '----- the leave-room whoosh right before it reads as a
                 stray door sound
 1D88   0A32            IF q$ <> "room12" OR df$(i) <> "room10" THEN CALL Snd2
 1DD7   0A32            IF df$(i) = "dial" THEN GOSUB dial: RETURN
 1E09   0A32            IF df$(i) = "end" THEN GOTO endgame
 1E2E   0A32    '----- enter a room and draw the player
 1E2E   0A32    gotoroom:
 1E2E   0A32            '----- leaving the pit (room12): climb the rope back up
                 IN-room first
 1E2E   0A32            IF q$ = "room12" AND df$(i) = "room10" THEN GOSUB climb
                up
 1E85   0A32            oq$ = q$
 1E85   0A32            '----- revive=1: snapshot the PRE-transition state (the
                 safe room) before
 1E85   0A32            '----- q$ switches, so a killer death in the next room 
                restores to before
 1E85   0A32            '----- entering it. The killer scenes flag rvArm when t
                hey fire. NEVER
 1E85   0A32            '----- snapshot the transition INTO a death cutscene --
                 that would clobber
 1E85   0A32            '----- the safe snapshot with the kill-room state.
 1E85   0A32            IF rvon = 1 AND q$ <> "" AND df$(i) <> "death" AND df$(
                i) <> "dindead" AND df$(i) <> "lightn" THEN CALL SaveGame(11): 
                rvSnap = 1
 1F70   0A3C            q$ = df$(i)
 1F70   0A3C            GOSUB loadroom
 1F98   0A3C            IF q$ = "lightn" OR q$ = "dindead" OR q$ = "death" THEN
                                                                      PAGE  14
                                                                      15 Sep 26
                                                                      18:43:54
Offset  Data    Source Line      Microsoft (R) QuickBASIC Compiler Version 4.50

                 GOTO death
 1FE8   0A3C            dop$ = ""
 1FE8   0A3C            IF tt$ = "y" AND sl$ = "z" THEN a$ = lf$: lf$ = "": GOS
                UB face: tt$ = "n"
 2059   0A3C            sl$ = "z"
 2059   0A3C            cl = cl + 30
 2059   0A3C            '----- a stand-point exit (no walkout tag) arrives with
                 a$ = the verb letter,
 2059   0A3C            '----- which face would draw as NOTHING -- fall back to
                 the last real facing
 2059   0A3C            IF LEN(a$) <> 1 OR INSTR("12346789", a$) = 0 THEN
 2059   0A3C                    a$ = lf$
 2059   0A3C                    IF LEN(a$) <> 1 OR INSTR("12346789", a$) = 0 TH
                EN a$ = "2"
 20F9   0A3C            END IF
 20F9   0A3C            IF q$ = "room3" AND ob(50) = 1 AND ob(42) = 0 THEN
 20F9   0A3C                    GOSUB dooseq
 2164   0A3C            '----- the trap only arms when escape is POSSIBLE: a ro
                pe source (held/hung
 2164   0A3C            '----- 14, or the poker 2 for the peg) AND a pulley pat
                h (held 62, grate
 2164   0A3C            '----- open 63, apple key 22, or the knife 18 to cut on
                e) -- else softlock
 2164   0A3C            ELSEIF q$ = "room9" AND ob(66) = 0 AND ob(68) = 0 AND (
                ob(14) >= 1 OR ob(2) >= 1) AND (ob(62) >= 1 OR ob(63) = 1 OR ob
                (22) >= 1 OR ob(18) >= 1) THEN
 2167   0A3C                    GOSUB face
 22A8   0A3C                    GOSUB gateseq
 22B0   0A3C            ELSEIF q$ = "room12" AND oq$ = "room10" THEN
 22B3   0A3C                    GOSUB climbdn
 22F0   0A3C            ELSEIF q$ = "room10" AND oq$ = "room12" THEN
 22F3   0A3C                    GOSUB upgrate
 2330   0A3C            ELSE
 2333   0A3C                    GOSUB face
 233B   0A3C            END IF
 233B   0A3C            RETURN
 233B   0A3C    
 233B   0A3C    '----- invhi: ESC inventory -- graphical SCREEN 1 (320x200, 4-c
                olor) tile grid.
 233B   0A3C    '      Loads INVTIL1/2.PIC, GETs the 36 45x54 tiles into tilarr
                , then PUTs the
 233B   0A3C    '      carried items into a 7-col grid with a movable selection
                 ring.
 233B   0A3C    doinv:
 2340   0A3C            CALL invhi
 234A   0A3C            GOTO invret
 234A   0A3C    
 234A   0A3C    '----- VGA manual (Tab): GAME6 ManualShow switches to 640x480x2
                56 and back;
 234A   0A3C    '----- shares invret so the room is reloaded after the mode swi
                tch
 234A   0A3C    domanual:
 234D   0A3C            IF msen = 1 THEN CALL erasecur
 236D   0A3C            CALL ManualShow(msen)
                                                                      PAGE  15
                                                                      15 Sep 26
                                                                      18:43:54
Offset  Data    Source Line      Microsoft (R) QuickBASIC Compiler Version 4.50

 2376   0A3C            GOTO invret
 2376   0A3C    
 2376   0A3C    '----- map screen ("m" / auto-open on pickup): GAME4 MapView sh
                ows MAP1.PIC once
 2376   0A3C    '----- the map (16) is held, a plain black placeholder before; 
                shares doinv's
 2376   0A3C    '----- return path (reload the room, player stays where he stoo
                d via lrq$)
 2376   0A3C    domap:
 2379   0A3C            IF msen = 1 THEN CALL erasecur
 2399   0A3C            CALL MapView(CINT(ob(16)), CINT(mrn), CLNG(ob(64)), mvi
                nt, msen)
 23F0   0A44    invret:
 23F0   0A44            GOSUB loadroom
 23FD   0A44            IF tt$ <> "y" THEN a$ = lf$: lf$ = "": GOSUB face
 2431   0A44            '----- mid-fight inventory trip (e.g. grabbing the syri
                nge): redraw the
 2431   0A44            '----- killer the room repaint wiped and restart the re
                action window
 2431   0A44            IF doc = 1 THEN PUT (135, 135), wa, XOR: ti = TIMER
 2477   0A44            t0 = TIMER
 2477   0A44            RETURN
 2477   0A44    
 2477   0A44    '----- ESC main menu (GAME4 MainMenu): dims the live screen and
                 draws the menu box
 2477   0A44    '----- over it; same return contract as the inventory (2 = New 
                Game -> RUN, else
 2477   0A44    '----- reload the room -- also repaints after a Load or a plain
                 resume)
 2477   0A44    domenu:
 248D   0A44            IF msen = 1 THEN CALL erasecur
 24AD   0A44            CALL MainMenu(fontData(), mvint, msen, slvAct, 0)
 24CC   0A46            IF slvAct = 2 THEN RUN
 24DE   0A46            '----- a manual load invalidates any armed/pending revi
                ve snapshot, and
 24DE   0A46            '----- fades the loaded room in (rvfd holds rmpal black
                 until LoadFade)
 24DE   0A46            IF slvAct = 1 THEN rvArm = 0: rvSnap = 0: doc = 0: rvfd
                 = 1: PALETTE 1, 0: PALETTE 2, 0: PALETTE 3, 0
 2542   0A4E            GOSUB loadroom
 254A   0A4E            IF tt$ <> "y" THEN a$ = lf$: lf$ = "": GOSUB face
 257E   0A4E            IF rvfd = 1 THEN rvfd = 0: CALL LoadFade(co, pa1, pa2, 
                pa3)
 25B5   0A4E            '----- resumed mid-fight: redraw the killer and restart
                 the reaction window
 25B5   0A4E            IF doc = 1 THEN PUT (135, 135), wa, XOR: ti = TIMER
 25FB   0A4E            t0 = TIMER
 25FB   0A4E            RETURN
 25FB   0A4E    
 25FB   0A4E    '----- main game loop: input, movement, actions
 25FB   0A4E    mainloop:
 2611   0A4E            '----- derived flag: 33 (ready to mix) = acid neutraliz
                ed (32) + complete formula
 2611   0A4E            '----- (36). Re-derived every pass so it lands no matte
                                                                      PAGE  16
                                                                      15 Sep 26
                                                                      18:43:54
Offset  Data    Source Line      Microsoft (R) QuickBASIC Compiler Version 4.50

                r which prerequisite came
 2611   0A4E            '----- last (the combine-only check missed soda-after-f
                ormula) and heals old saves
 2611   0A4E            IF ob(32) = 1 AND ob(36) = 1 THEN ob(33) = 1
 2676   0A4E            '----- heal: holding/having-taken the saw (20) implies 
                the toolchest was
 2676   0A4E            '----- opened (58) -- saves from before flag 58 existed
                 show it open
 2676   0A4E            IF ob(20) >= 1 AND ob(58) < 1 THEN ob(58) = 1
 26D6   0A4E            '----- reveal first, sound second: a get that trips a s
                cene sprite (open drawer)
 26D6   0A4E            '----- draws it BEFORE the acquisition scan plays the p
                ickup sound
 26D6   0A4E            GOSUB reanim
 26DE   0A4E            FOR iaq = 1 TO 36
 26E6   0A4E                    IF ob(iord(iaq)) = 1 AND aqo(iord(iaq)) = 0 THE
                N aqc = aqc + 1: aqo(iord(iaq)) = aqc: nwf(iord(iaq)) = 1: CALL
                 Snd1
 27E7   0A52            NEXT
 280E   0A52            '----- deferred map auto-open: by now the pickup sprite
                 composited (reanim)
 280E   0A52            '----- and the get sound played (scan above); re-print 
                the pickup message
 280E   0A52            '----- after the map closes so the player still sees it
 280E   0A52            IF dmq = 1 THEN dmq = 0: GOSUB domap: CALL drawMsg(dm$,
                 font3Data()): txr = 1
 2851   0A52            '----- q$ guard: a death/load between the fire and this
                 dispatch must not
 2851   0A52            '----- replay the room9 cutscene over whatever room got
                 restored
 2851   0A52            IF goq = 1 THEN goq = 0: IF q$ = "room9" THEN GOSUB gat
                eopen
 288D   0A52            IF msen <> 1 THEN PUT (b, a), d, XOR
 28CD   0A52            pt = (TIMER - t0) + pt
 28CD   0A52            t0 = TIMER
 28CD   0A52            IF (INT(cl * cr)) <= 35 THEN GOTO 7100
 291B   0A52            'CALL DoorOpen   ' door migrated to data-driven animati
                on (ANIMS.PAC id 1 + room3.pac placement)
 291B   0A52            7100 IF doc <> 1 THEN GOTO 7180
 2936   0A52            IF (TIMER - ti) <= tmo THEN GOTO 7180
 2956   0A52            LOCATE 1, 1
 2956   0A52            PRINT "You should have been ready"
 2956   0A52            doc = 0
 2956   0A52            i = 0
 2956   0A52            df$(i) = "death"
 2956   0A52            GOSUB gotoroom
 29AF   0A52    
 29AF   0A52    '----- idle poll: wait for keypress, tick fps, check timers
 29AF   0A52            7180 DEF SEG = 0
 29AF   0A52            POKE pk, 32
 29D4   0A52            IF sfps = 1 THEN CALL FpsTick
 29EF   0A52            a$ = INKEY$
 29EF   0A52            GOSUB joy
 2A06   0A52            GOSUB mousepoll
                                                                      PAGE  17
                                                                      15 Sep 26
                                                                      18:43:54
Offset  Data    Source Line      Microsoft (R) QuickBASIC Compiler Version 4.50

 2A0E   0A52            GOSUB animtick
 2A16   0A52            IF lf$ <> sdwlf$ THEN sdwlf$ = lf$: CALL PGrab(lf$, fd(
                ), mfd(), fu(), mfu(), fr(), mfr(), fl(), mfl(), fdl(), mfdl(),
                 fdr(), mfdr(), ful(), mful(), fur(), mfur())
 2A7E   0A52            CALL ShadTick(q$, cl, h9, t1, t2, t3, CINT(ob(43)), pjx
                , pjy, b, a, sdwDat(), sdwB1$, sdwB2$, fbg())
 2AD7   0A54            IF ob(43) = 1 AND tk$ = "" THEN cv = CINT(cl): tk$ = "y
                "
 2B3E   0A54            IF tk$ = "y" AND cv + 120 < cl THEN GOTO burn
 2B78   0A54            IF a$ <> "" THEN GOTO 7300
 2B8A   0A54            GOTO 7180
 2B8A   0A54    
 2B8A   0A54    '----- numpad movement: nudge player by direction
 2B8A   0A54            7300 IF msen <> 1 THEN PUT (b, a), d, XOR
 2BD2   0A54            IF a$ = CHR$(0) + CHR$(72) THEN a$ = "8"
 2C06   0A54            IF a$ = CHR$(0) + CHR$(80) THEN a$ = "2"
 2C3A   0A54            IF a$ = CHR$(0) + CHR$(75) THEN a$ = "4"
 2C6E   0A54            IF a$ = CHR$(0) + CHR$(77) THEN a$ = "6"
 2CA2   0A54            IF msen = 1 AND INSTR("82467139", a$) > 0 THEN CALL era
                secur
 2CE2   0A54            IF a$ <> "8" THEN GOTO 7330
 2CF4   0A54            a = a - 4
 2CF4   0A54            7330 IF a$ <> "2" THEN GOTO 7350
 2D1C   0A54            a = a + 4
 2D1C   0A54            7350 IF a$ <> "6" THEN GOTO 7370
 2D44   0A54            b = b + 4
 2D44   0A54            7370 IF a$ <> "4" THEN GOTO 7390
 2D6C   0A54            b = b - 4
 2D6C   0A54            7390 IF a$ <> "7" THEN GOTO 7420
 2D94   0A54            b = b - 4
 2D94   0A54            a = a - 4
 2D94   0A54            7420 IF a$ <> "1" THEN GOTO 7450
 2DCD   0A54            b = b - 4
 2DCD   0A54            a = a + 4
 2DCD   0A54            7450 IF a$ <> "3" THEN GOTO 7480
 2E06   0A54            b = b + 4
 2E06   0A54            a = a + 4
 2E06   0A54            7480 IF a$ <> "9" THEN GOTO 7510
 2E3F   0A54            b = b + 4
 2E3F   0A54            a = a - 4
 2E3F   0A54    
 2E3F   0A54    '----- clamp player to screen bounds
 2E3F   0A54            7510 IF b >= 0 THEN GOTO 7540
 2E7C   0A54            b = b + 4
 2E7C   0A54            GOTO 7560
 2E7C   0A54            7540 IF b <= 300 THEN GOTO 7560
 2EAB   0A54            b = b - 4
 2EAB   0A54            7560 IF a >= 10 THEN GOTO 7590
 2ED7   0A54            a = a + 4
 2ED7   0A54            GOTO 7610
 2ED7   0A54            7590 IF a <= 195 THEN GOTO 7610
 2F06   0A54            a = a - 4
 2F06   0A54    
 2F06   0A54    '----- handle inventory, fight, and action keys
                                                                      PAGE  18
                                                                      15 Sep 26
                                                                      18:43:54
Offset  Data    Source Line      Microsoft (R) QuickBASIC Compiler Version 4.50

 2F06   0A54            7610 IF msen = 1 AND INSTR("82467139", a$) > 0 THEN GOS
                UB ksync
 2F5F   0A54            IF a$ = CHR$(27) THEN GOSUB domenu: GOTO mainloop
 2F82   0A54            IF a$ <> "i" THEN GOTO 7620
 2F94   0A54            GOSUB doinv: GOTO mainloop
 2F9C   0A54            7620 IF a$ = "m" THEN GOSUB domap: GOTO mainloop
 2FC1   0A54            IF a$ = CHR$(9) THEN GOSUB domanual: GOTO mainloop
 2FE4   0A54            7630 IF doc <> 1 THEN GOTO 7660
 2FFF   0A54            GOSUB fight
 3007   0A54            GOTO mainloop
 3007   0A54            7660 IF a$ = "a" OR a$ = "u" OR a$ = "g" OR a$ = "l" TH
                EN
 300A   0A54                    IF msen = 1 THEN GOSUB msnap
 3098   0A54                    GOSUB action
 30A0   0A54                    GOSUB events
 30A8   0A54                    GOSUB trigger
 30B0   0A54                    IF a$ = "l" AND nfon = 1 THEN GOSUB lookmiss
 30ED   0A54                    IF a$ = "u" AND acthit = 0 AND nfon = 1 THEN GO
                SUB usemiss
 3145   0A54                    IF msen = 1 THEN GOSUB synchit
 3163   0A54            END IF
 3163   0A54            GOTO mainloop
 3163   0A54            SYSTEM
 3163   0A54    
 3163   0A54    '----- fps counter: moved to GAME2 (FpsTick) -- GAME.BAS is at 
                the 64K code ceiling
 3163   0A54    
 3163   0A54    '----- debug readout + hit-zone overlay: moved to GAME2 (MxyTic
                k / HitZones) -- 64K ceiling
 3163   0A54    mxytick:
 316B   0A54            CALL MxyTick(mx, my, b, a, snr, ox(), oy(), oi(), ky$()
                )
 3199   0A54            RETURN
 3199   0A54    hitzones:
 319E   0A54            CALL HitZones(hzon$, snr, ox(), oy(), oi(), ky$())
 31C0   0A54            RETURN
 31C0   0A54    
 31C0   0A54    '----- lookmiss/usemiss message text lives in GAME2 (LoadMsgs) 
                -- this module is at
 31C0   0A54    '----- the 64K code-segment ceiling, so the 37 string assignmen
                ts moved out
 31C0   0A54    loadmsgs:
 31C5   0A54            CALL LoadMsgs(nf$())
 31D3   0A54            FOR ivi = 1 TO 29: iord(ivi) = ivi: NEXT
 3224   0A58            iord(30) = 30: iord(31) = 49: iord(32) = 35: iord(33) =
                 36: iord(34) = 34: iord(35) = 52
 3224   0A58            '----- slot 36 = the pulley (62, room12). NEVER park a 
                slot on 0 -- ob(0)
 3224   0A58            '----- gets set by every st=0 action, which reads as a 
                phantom pickup
 3224   0A58            iord(36) = 62
 3224   0A58            RETURN
 3224   0A58    
 3224   0A58    '----- look at a truly-empty spot: after 3 looks at the same ce
                                                                      PAGE  19
                                                                      15 Sep 26
                                                                      18:43:54
Offset  Data    Source Line      Microsoft (R) QuickBASIC Compiler Version 4.50

                ll, show a non-repeating
 3224   0A58    '----- random line (the counting + picking lives in GAME2 LookM
                issLine)
 3224   0A58    lookmiss:
 32B8   0A58            CALL LookMissLine(CINT(b), CINT(a), ox(), oy(), nf$(), 
                ums$)
 32F4   0A60            IF ums$ = "" THEN RETURN
 330B   0A60            GOSUB clrtxt
 3313   0A60            CALL drawMsg(ums$, font3Data()): txr = 1
 3320   0A60            RETURN
 3320   0A60    
 3320   0A60    '----- usemiss: a use that resolved to NOTHING (empty spot, or 
                the wrong item on a
 3320   0A60    '----- use point) -- answer right away; UseMissLine (GAME2) pic
                ks a random line and
 3320   0A60    '----- answers a key-on-the-wrong-lock with key lines (doesn't 
                fit / won't turn)
 3320   0A60    usemiss:
 3331   0A60            CALL UseMissLine(sel, wantbs, ums$)
 3347   0A60            GOSUB clrtxt
 334F   0A60            CALL drawMsg(ums$, font3Data()): txr = 1
 335C   0A60            RETURN
 335C   0A60    '----- load palette/color config from .pac
 335C   0A60    loadpac:
 336D   0A60            CLOSE
 336D   0A60            OPEN q$ + ".pac" FOR INPUT AS #1
 336D   0A60            INPUT #1, co, co2
 33A2   0A60            CLOSE
 33A2   0A60            CLS
 33A2   0A60            COLOR co, co2
 33A2   0A60            DEF SEG = -18432
 33A2   0A60            KEY OFF
 3400   0A60            DEF SEG
 3400   0A60            q$ = "hallez"
 3400   0A60            RETURN
 3400   0A60    
 3400   0A60    '----- load room: colors, object positions, door/exit data, pic
                ture
 3400   0A60    '----- loadanims: load the ANIMS.PAC animation library (id,name
                ,type,src,frames,rate,mode,pal); robust if absent
 3400   0A60    loadanims:
 341F   0A60            nAnim = 0
 341F   0A60            ON ERROR GOTO animeof
 3434   0A60            CLOSE #3
 3434   0A60            OPEN "ANIMS.PAC" FOR INPUT AS #3
 3434   0A60            animloop:
 3456   0A60            IF nAnim >= 70 THEN GOTO animend
 3465   0A60            INPUT #3, anId(nAnim + 1), anName$(nAnim + 1), anType$(
                nAnim + 1), anSrc$(nAnim + 1), anFrames$(nAnim + 1), anRate(nAn
                im + 1), anMode$(nAnim + 1), anPal$(nAnim + 1), anSnd$(nAnim + 
                1)
 346E   0A60            nAnim = nAnim + 1
 346E   0A60            GOTO animloop
 346E   0A60            animeof:
                                                                      PAGE  20
                                                                      15 Sep 26
                                                                      18:43:54
Offset  Data    Source Line      Microsoft (R) QuickBASIC Compiler Version 4.50

 3547   0A60            RESUME animend
 3554   0A60            animend:
 3554   0A60            CLOSE #3
 3554   0A60            ON ERROR GOTO errhand
 3570   0A60            RETURN
 3570   0A60    
 3570   0A60    '----- shadload: guarded open for the shadow-door data (SHADW2.
                PAC); GAME2
 3570   0A60    '----- ShadLoad parses from the open #3. A missing file lands i
                n shadeof and
 3570   0A60    '----- the feature simply stays off (old QA folders keep workin
                g).
 3570   0A60    shadload:
 3575   0A60            ON ERROR GOTO shadeof
 3584   0A60            CLOSE #3
 3584   0A60            '----- the blitter routines first (BINARY open CREATES 
                a missing file as
 3584   0A60            '----- 0 bytes, so length-check instead of relying on a
                n open error)
 3584   0A60            OPEN "SHADBOP.OVL" FOR BINARY AS #3
 3584   0A60            sdwB1$ = SPACE$(LOF(3))
 3584   0A60            GET #3, 1, sdwB1$
 3584   0A60            CLOSE #3
 3584   0A60            OPEN "SHADBLT.OVL" FOR BINARY AS #3
 3584   0A60            sdwB2$ = SPACE$(LOF(3))
 3584   0A60            GET #3, 1, sdwB2$
 3584   0A60            CLOSE #3
 3584   0A60            IF LEN(sdwB1$) < 10 OR LEN(sdwB2$) < 10 THEN GOTO shade
                nd
 366A   0A60            OPEN "SHADW2.PAC" FOR INPUT AS #3
 366A   0A60            CALL ShadLoad(sdwDat())
 3688   0A60            shadend:
 3688   0A60            ON ERROR GOTO errhand
 3697   0A60            RETURN
 3697   0A60            shadeof:
 369C   0A60            RESUME shadend
 36A9   0A60    
 36A9   0A60    '----- animframe: draw 1-based frame FN of sprite source SRC$ a
                t (PX,PY); mask if .msk present, else PSET
 36A9   0A60    '----- cached: the .pct/.msk files are parsed ONCE into a slot 
                (animload), then every frame draw
 36A9   0A60    '----- is array-copy + PUT -- was 2 full ASCII file re-parses P
                ER FRAME (the slow door swing)
 36A9   0A60    animframe:
 36A9   0A60            acs = 0
 36A9   0A60            FOR aci = 1 TO 6
 36C2   0A64                    IF acSrc$(aci) = SRC$ THEN acs = aci
 36F3   0A6C            NEXT
 3717   0A6C            IF acs = 0 THEN GOSUB animload
 3735   0A6C            anf = acN(acs)
 3735   0A6C            IF anf < 2 THEN RETURN
 3776   0A70            '----- frame count via GAME2 AnimK (validated -- a lead
                ing-equal count alone
 3776   0A70            '----- overshoots when width*2 = height, e.g. a 3x6 tic
                                                                      PAGE  21
                                                                      15 Sep 26
                                                                      18:43:54
Offset  Data    Source Line      Microsoft (R) QuickBASIC Compiler Version 4.50

                k-tock frame)
 3776   0A70            CALL AnimK(acPct(), acN(), acs, ank%)
 378B   0A72            ank = ank%
 378B   0A72            anpf = anf \ ank
 378B   0A72            IF anpf > 460 THEN anpf = 460
 37E5   0A7A            IF afn < 1 THEN afn = 1
 3807   0A7E            IF afn > ank THEN afn = ank
 3829   0A7E            FOR aj = 0 TO anpf - 1: afrm(aj) = acPct(acs, afn + aj 
                * ank): NEXT
 38BA   0A86            IF acM(acs) >= anf THEN
 38BA   0A86                    FOR aj = 0 TO anpf - 1: amfrm(aj) = acMsk(acs, 
                afn + aj * ank): NEXT
 397C   0A8A                    PUT (PX, PY), amfrm, AND
 397C   0A8A                    PUT (PX, PY), afrm, OR
 397C   0A8A            ELSE
 39D2   0A92                    PUT (PX, PY), afrm, PSET
 39D2   0A92            END IF
 39FC   0A92            RETURN
 39FC   0A92    
 39FC   0A92    '----- animload: parse SRC$.pct + SRC$.msk from disk into cache
                 slot acs (round-robin evict;
 39FC   0A92    '----- a missing/short file is cached as a miss so it isn't re-
                tried every frame)
 39FC   0A92    animload:
 3A01   0A92            acNext = acNext + 1
 3A01   0A92            IF acNext > 6 THEN acNext = 1
 3A39   0A96            acs = acNext
 3A39   0A96            acSrc$(acs) = SRC$
 3A39   0A96            anf = 0
 3A39   0A96            ON ERROR GOTO afeof1
 3A7B   0A96            CLOSE #3
 3A7B   0A96            OPEN SRC$ + ".pct" FOR INPUT AS #3
 3A7B   0A96            afl1:
 3AA7   0A96            IF anf >= 1600 THEN GOTO afd1
 3AC2   0A96            anf = anf + 1
 3AC2   0A96            INPUT #3, acPct(acs, anf)
 3ADC   0A96            GOTO afl1
 3ADC   0A96            afeof1:
 3B13   0A96            anf = anf - 1
 3B13   0A96            RESUME afd1
 3B31   0A96            afd1:
 3B31   0A96            CLOSE #3
 3B31   0A96            ON ERROR GOTO errhand
 3B4D   0A96            acN(acs) = anf
 3B4D   0A96            anm = 0
 3B4D   0A96            ON ERROR GOTO afeof2
 3B8B   0A9A            CLOSE #3
 3B8B   0A9A            OPEN SRC$ + ".msk" FOR INPUT AS #3
 3B8B   0A9A            afl2:
 3BB7   0A9A            IF anm >= 1600 THEN GOTO afd2
 3BD2   0A9A            anm = anm + 1
 3BD2   0A9A            INPUT #3, acMsk(acs, anm)
 3BEC   0A9A            GOTO afl2
 3BEC   0A9A            afeof2:
                                                                      PAGE  22
                                                                      15 Sep 26
                                                                      18:43:54
Offset  Data    Source Line      Microsoft (R) QuickBASIC Compiler Version 4.50

 3C23   0A9A            anm = anm - 1
 3C23   0A9A            RESUME afd2
 3C41   0A9A            afd2:
 3C41   0A9A            CLOSE #3
 3C41   0A9A            ON ERROR GOTO errhand
 3C5D   0A9A            acM(acs) = anm
 3C5D   0A9A            RETURN
 3C5D   0A9A    
 3C5D   0A9A    '----- animparse/animwait: bodies live in GAME2 (AnimParse/Anim
                Wait) -- 64K ceiling
 3C5D   0A9A    animparse:
 3C8A   0A9A            CALL AnimParse(anFrames$(aidx), fsq(), nft%)
 3CE0   0AA4            nfr = nft%
 3CE0   0AA4            RETURN
 3CE0   0AA4    
 3CE0   0AA4    animwait:
 3CF4   0AA8            CALL AnimWait(awrate)
 3D02   0AAC            RETURN
 3D02   0AAC    
 3D02   0AAC    '----- animdims: measure SRC$'s frame size -> adw, adh (GAME2 A
                nimDims; ensures the
 3D02   0AAC    '----- .pct is cached first). Capped at 31 so a save-under alwa
                ys fits its slot.
 3D02   0AAC    animdims:
 3D07   0AAC            acs = 0
 3D07   0AAC            FOR aci = 1 TO 6
 3D20   0AAC                    IF acSrc$(aci) = SRC$ THEN acs = aci
 3D51   0AAC            NEXT
 3D75   0AAC            IF acs = 0 THEN GOSUB animload
 3D93   0AAC            CALL AnimDims(acPct(), acN(), acs, adw, adh)
 3DAC   0AB4            RETURN
 3DAC   0AB4    
 3DAC   0AB4    '----- rmpal: set the current room's palette (body in GAME2 -- 
                64K ceiling).
 3DAC   0AB4    '----- While a load fade is pending (rvfd), stay black -- LoadF
                ade lights it up.
 3DAC   0AB4    rmpal:
 3DB1   0AB4            IF rvfd = 1 THEN RETURN
 3DD1   0AB4            CALL RmPal(co, pa1, pa2, pa3)
 3DE6   0AB4            RETURN
 3DE6   0AB4    
 3DE6   0AB4    '----- animdraw: composite scene-animation placements onto the 
                room (static / hold / once / loop / random)
 3DE6   0AB4    animdraw:
 3DEB   0AB4            nLoop = 0
 3DEB   0AB4            IF nPlace < 1 THEN RETURN
 3E05   0AB4            '----- bg pass: full-screen .pic swaps (BLOAD over the 
                base) BEFORE the sprite overlays
 3E05   0AB4            FOR pp = 1 TO nPlace
 3E1C   0AB8                    bgi = 0
 3E1C   0AB8                    FOR aa = 1 TO nAnim
 3E40   0AC0                            IF anId(aa) = plAnim(pp) THEN bgi = aa
 3E8B   0AC8                    NEXT
 3EAF   0AC8                    IF bgi = 0 THEN GOTO bgnext
                                                                      PAGE  23
                                                                      15 Sep 26
                                                                      18:43:54
Offset  Data    Source Line      Microsoft (R) QuickBASIC Compiler Version 4.50

 3EC5   0AC8                    IF anType$(bgi) <> "bg" THEN GOTO bgnext
 3EEA   0AC8                    IF plCond(pp) > 0 THEN IF ob(plCond(pp)) < 1 TH
                EN GOTO bgnext
 3F47   0AC8                    IF plCond(pp) < 0 THEN IF ob(-plCond(pp)) >= 1 
                THEN GOTO bgnext
 3FA6   0AC8                    bgf$ = anFrames$(bgi)
 3FA6   0AC8                    bgp = 0
 3FA6   0AC8                    FOR bgc = 1 TO LEN(bgf$)
 3FF0   0AD4                            IF MID$(bgf$, bgc, 1) = ";" THEN bgp = 
                bgc
 4023   0AD8                    NEXT
 4047   0AD8                    IF bgp > 0 THEN bgf$ = MID$(bgf$, bgp + 1)
 4084   0AD8                    IF bgf$ <> "" THEN DEF SEG = -18432: BLOAD bgf$
                 + ".pic", 0: DEF SEG
 40BE   0AD8                    bgnext:
 40BE   0AD8            NEXT
 40EA   0AD8            '----- sprite pass
 40EA   0AD8            FOR pp = 1 TO nPlace
 4102   0ADC                    aidx = 0
 4102   0ADC                    FOR aa = 1 TO nAnim
 4126   0AE0                            IF anId(aa) = plAnim(pp) THEN aidx = aa
 4171   0AE0                    NEXT
 4195   0AE0                    IF aidx = 0 THEN GOTO adnext
 41AB   0AE0                    IF anType$(aidx) = "bg" THEN GOTO adnext
 41D0   0AE0                    '----- move placements bypass the cond gate: co
                nd is their TRIGGER, not their
 41D0   0AE0                    '----- visibility -- unplayed they sit at the s
                tart spot (the idle clock).
 41D0   0AE0                    '----- negative cond = show WHILE the flag is O
                FF (tick-tock until the slide)
 41D0   0AE0                    IF anMode$(aidx) = "move" THEN GOTO adcondok
 41F5   0AE0                    IF plCond(pp) > 0 THEN IF ob(plCond(pp)) < 1 TH
                EN GOTO adnext
 4252   0AE0                    IF plCond(pp) < 0 THEN IF ob(-plCond(pp)) >= 1 
                THEN GOTO adnext
 42B1   0AE0                    adcondok:
 42B1   0AE0                    GOSUB animparse
 42BE   0AE0                    IF nfr < 1 THEN GOTO adnext
 42D4   0AE0                    SRC$ = anSrc$(aidx)
 42D4   0AE0                    PX = plX(pp)
 42D4   0AE0                    PY = plY(pp)
 42D4   0AE0                    awrate = anRate(aidx)
 42D4   0AE0                    IF anMode$(aidx) = "move" THEN
 42D4   0AE0                            adplayed = 0
 42D4   0AE0                            IF plSet(pp) > 0 THEN IF ob(plSet(pp)) 
                = 1 THEN adplayed = 1
 4400   0AE4                            '----- trigger already on at room load 
                (older save): the travel
 4400   0AE4                            '----- belongs to the trigger moment --
                 settle at the end spot
 4400   0AE4                            '----- silently and mark it played so r
                eanim doesn't re-run it
 4400   0AE4                            IF adplayed = 0 AND plCond(pp) > 0 THEN
 4400   0AE4                                    IF ob(plCond(pp)) >= 1 THEN
                                                                      PAGE  24
                                                                      15 Sep 26
                                                                      18:43:54
Offset  Data    Source Line      Microsoft (R) QuickBASIC Compiler Version 4.50

 4400   0AE4                                            adplayed = 1
 4400   0AE4                                            IF plSet(pp) > 0 THEN o
                b(plSet(pp)) = 1
 44E1   0AE4                                    END IF
 44E1   0AE4                            END IF
 44E1   0AE4                            IF adplayed = 1 THEN
 44E1   0AE4                                    '----- already travelled: rest 
                at the END spot
 44E1   0AE4                                    CALL MovParse(anFrames$(aidx), 
                mdx(), mdy(), mvn%, bx1%, by1%, bx2%, by2%)
 455C   0AF2                                    FOR adf = 1 TO mvn%
 4574   0AF6                                            PX = PX + mdx(adf)
 4574   0AF6                                            PY = PY + mdy(adf)
 4574   0AF6                                    NEXT
 45EE   0AFA                            ELSE
 45F1   0AFA                                    '----- idle at the START spot; 
                keep the background under the frame so
 45F1   0AFA                                    '----- the travel (reanim) can 
                lift it without leaving a ghost
 45F1   0AFA                                    GOSUB animdims
 45F9   0AFA                                    GET (PX, PY)-(PX + adw - 1, PY 
                + adh - 1), mvSave
 45F9   0AFA                                    mvSp = pp
 45F9   0AFA                            END IF
 4663   0AFA                            afn = 1
 4663   0AFA                            GOSUB animframe
 4677   0AFA                    ELSEIF anMode$(aidx) = "static" THEN
 467A   0AFA                            afn = fsq(nfr) + 1
 467A   0AFA                            GOSUB animframe
 46CE   0AFA                            plStat(pp) = 1
 46CE   0AFA                    ELSEIF anMode$(aidx) = "fg" THEN
 46ED   0AFA                            '----- foreground: composite like a sta
                tic, then register the decoded
 46ED   0AFA                            '----- frame so every player draw re-PU
                Ts it ON TOP of him
 46ED   0AFA                            afn = fsq(nfr) + 1
 46ED   0AFA                            GOSUB animframe
 4741   0AFA                            plStat(pp) = 1
 4741   0AFA                            GOSUB ovfreg
 4765   0AFA                    ELSEIF anMode$(aidx) = "hold" OR anMode$(aidx) 
                = "once" THEN
 4768   0AFA                            adplayed = 0
 4768   0AFA                            IF plSet(pp) > 0 THEN IF ob(plSet(pp)) 
                = 1 THEN adplayed = 1
 4837   0AFA                            IF adplayed = 1 THEN
 4837   0AFA                                    IF anMode$(aidx) = "hold" THEN 
                afn = fsq(nfr) + 1: GOSUB animframe
 48A1   0AFA                            ELSE
 48A4   0AFA                                    IF q$ = "room3" THEN GOTO adnex
                t
 48B6   0AFA                                    '----- cond on but never played
                 (e.g. an older save): settle on the
 48B6   0AFA                                    '----- end frame SILENTLY and m
                ark it -- the animated play belongs
                                                                      PAGE  25
                                                                      15 Sep 26
                                                                      18:43:54
Offset  Data    Source Line      Microsoft (R) QuickBASIC Compiler Version 4.50

 48B6   0AFA                                    '----- to the triggering action
                 (reanim), never to room entry
 48B6   0AFA                                    IF anMode$(aidx) = "hold" THEN 
                afn = fsq(nfr) + 1: GOSUB animframe
 490A   0AFA                                    IF plSet(pp) > 0 THEN ob(plSet(
                pp)) = 1
 495D   0AFA                            END IF
 495D   0AFA                    ELSEIF anMode$(aidx) = "seq" THEN
 4960   0AFA                            '----- never plays on a room LOAD (the 
                bg swap already shows the end
 4960   0AFA                            '----- state) -- just mark it played, h
                ealing saves made mid-flag
 4960   0AFA                            IF plSet(pp) > 0 THEN ob(plSet(pp)) = 1
 49D8   0AFA                    ELSEIF anMode$(aidx) = "loop" OR LEFT$(anMode$(
                aidx), 6) = "random" THEN
 49DB   0AFA                            IF nLoop < 4 THEN
 49DB   0AFA                                    nLoop = nLoop + 1
 49DB   0AFA                                    liAnim(nLoop) = aidx
 49DB   0AFA                                    liX(nLoop) = PX
 49DB   0AFA                                    liY(nLoop) = PY
 49DB   0AFA                                    liCur(nLoop) = 1
 49DB   0AFA                                    liRate(nLoop) = awrate
 49DB   0AFA                                    liLast(nLoop) = TIMER
 49DB   0AFA                                    liCond(nLoop) = plCond(pp)
 49DB   0AFA                                    liMin(nLoop) = 0: liMax(nLoop) 
                = 0
 49DB   0AFA                                    liWait(nLoop) = awrate * .05
 49DB   0AFA                                    IF LEFT$(anMode$(aidx), 6) = "r
                andom" THEN
 49DB   0AFA                                            '----- "random min max"
                 (seconds): every frame holds a random min..max s
 49DB   0AFA                                            '----- (curtain in the 
                breeze); each placement rolls its own waits
 49DB   0AFA                                            IF nfseed = 0 THEN RAND
                OMIZE TIMER: nfseed = 1
 4BC5   0AFA                                            ars$ = MID$(anMode$(aid
                x), 8)
 4BC5   0AFA                                            liMin(nLoop) = VAL(ars$
                )
 4BC5   0AFA                                            arp = INSTR(ars$, " ")
 4BC5   0AFA                                            IF arp > 0 THEN liMax(n
                Loop) = VAL(MID$(ars$, arp + 1))
 4C86   0B02                                            IF liMax(nLoop) < liMin
                (nLoop) THEN liMax(nLoop) = liMin(nLoop)
 4CD8   0B02                                            liWait(nLoop) = liMin(n
                Loop) + RND * (liMax(nLoop) - liMin(nLoop))
 4CD8   0B02                                    END IF
 4D28   0B02                                    '----- save-under sized to the 
                FRAME, not a blanket 31x31 (which stomped
 4D28   0B02                                    '----- sprites near small anims
                ); the tick's restore PUT reads dims from
 4D28   0B02                                    '----- the GET header, so it ne
                eds no change
 4D28   0B02                                    GOSUB animdims
                                                                      PAGE  26
                                                                      15 Sep 26
                                                                      18:43:54
Offset  Data    Source Line      Microsoft (R) QuickBASIC Compiler Version 4.50

 4D30   0B02                                    IF PX + adw > 320 THEN adw = 32
                0 - PX
 4D5C   0B02                                    IF PY + adh > 200 THEN adh = 20
                0 - PY
 4D88   0B02                                    liW(nLoop) = adw: liH(nLoop) = 
                adh
 4D88   0B02                                    GET (PX, PY)-(PX + adw - 1, PY 
                + adh - 1), liSaveAll((nLoop - 1) * 210)
 4D88   0B02                                    afn = fsq(1) + 1
 4D88   0B02                                    GOSUB animframe
 4E4D   0B02                                    '----- mark registered so reani
                m's mid-room spawn never doubles it
 4E4D   0B02                                    plStat(pp) = 1
 4E4D   0B02                            END IF
 4E69   0B02                    END IF
 4E69   0B02                    adnext:
 4E69   0B02            NEXT
 4E95   0B02            RETURN
 4E95   0B02    
 4E95   0B02    '----- ovfreg: register the frame animframe just drew as a fore
                ground overlay --
 4E95   0B02    '----- copies afrm/amfrm (still holding the composited frame) i
                nto ovf() with its
 4E95   0B02    '----- spot, so GAME5 OvTop can re-stamp it over the player wit
                hout any disk read
 4E95   0B02    '----- (body in GAME2 OvReg -- 64K ceiling)
 4E95   0B02    ovfreg:
 4E9A   0B02            ovh = 0
 4E9A   0B02            IF acM(acs) >= anf THEN ovh = 1
 4EE7   0B06            CALL OvReg(ovf(), afrm(), amfrm(), anpf, ovh, ovnext, P
                X, PY)
 4F0C   0B0A            RETURN
 4F0C   0B0A    
 4F0C   0B0A    '----- animtick: advance active loop/random animations (idle-lo
                op tick, TIMER-delta gated);
 4F0C   0B0A    '----- loop waits rate*.05 every frame; random holds each frame
                 a random min..max seconds
 4F0C   0B0A    animtick:
 4F11   0B0A            IF nLoop < 1 THEN RETURN
 4F25   0B0A            FOR li = 1 TO nLoop
 4F3C   0B0E                    IF TIMER < liLast(li) THEN liLast(li) = TIMER
 4F95   0B12                    IF TIMER >= liLast(li) + liWait(li) THEN
 4F95   0B12                            '----- "while flag OFF" instance whose 
                flag turned ON mid-room: freeze it
 4F95   0B12                            '----- (no restore -- whatever replaced
                 the area, e.g. the slide, stays)
 4F95   0B12                            IF liCond(li) < 0 THEN IF ob(-liCond(li
                )) >= 1 THEN GOTO atnext
 5044   0B12                            '----- hold the tick while the player's
                 31x31 box overlaps this instance --
 5044   0B12                            '----- no z-order exists, advancing wou
                ld stamp background over him; the
 5044   0B12                            '----- anim freezes and resumes as soon
                 as he moves away (skip in nopl views)
                                                                      PAGE  27
                                                                      15 Sep 26
                                                                      18:43:54
Offset  Data    Source Line      Microsoft (R) QuickBASIC Compiler Version 4.50

 5044   0B12                            IF nopl = 0 THEN
 5044   0B12                                    IF liX(li) < pjx + 31 AND liX(l
                i) + liW(li) > pjx AND liY(li) < pjy + 31 AND liY(li) + liH(li)
                 > pjy THEN GOTO atnext
 5181   0B16                            END IF
 5181   0B16                            '----- cursor parked on/near this anim:
                 hold the tick too -- redrawing
 5181   0B16                            '----- under the pointer causes a draw-
                over war (resumes when it moves)
 5181   0B16                            IF liX(li) < b + 12 AND liX(li) + liW(l
                i) > b - 6 AND liY(li) < a + 12 AND liY(li) + liH(li) > a - 6 T
                HEN GOTO atnext
 52B2   0B16                            liLast(li) = TIMER
 52B2   0B16                            '----- lift the XOR mouse cursor while 
                redrawing under it, else the restore
 52B2   0B16                            '----- eats half the cursor and the nex
                t XOR-off leaves garbage pixels
 52B2   0B16                            atcur = 0
 52B2   0B16                            IF msen <> 1 THEN
 52B2   0B16                                    IF liX(li) < b + 12 AND liX(li)
                 + liW(li) > b AND liY(li) < a + 12 AND liY(li) + liH(li) > a T
                HEN
 52B2   0B16                                            PUT (b, a), d, XOR
 52B2   0B16                                            atcur = 1
 52B2   0B16                                    END IF
 545A   0B1A                            END IF
 545A   0B1A                            aidx = liAnim(li)
 545A   0B1A                            GOSUB animparse
 5488   0B1A                            IF nfr >= 1 THEN
 5488   0B1A                                    PUT (liX(li), liY(li)), liSaveA
                ll((li - 1) * 210), PSET
 5488   0B1A                                    liCur(li) = liCur(li) + 1
 5488   0B1A                                    IF liCur(li) > nfr THEN liCur(l
                i) = 1
 5580   0B1A                                    SRC$ = anSrc$(aidx)
 5580   0B1A                                    PX = liX(li)
 5580   0B1A                                    PY = liY(li)
 5580   0B1A                                    afn = fsq(liCur(li)) + 1
 5580   0B1A                                    GOSUB animframe
 562B   0B1A                                    IF liMax(li) > 0 THEN
 562B   0B1A                                            liWait(li) = liMin(li) 
                + RND * (liMax(li) - liMin(li))
 562B   0B1A                                    ELSE
 56D9   0B1A                                            liWait(li) = liRate(li)
                 * .05
 56D9   0B1A                                    END IF
 571C   0B1A                            END IF
 571C   0B1A                            IF atcur = 1 THEN PUT (b, a), d, XOR
 575C   0B1A                    END IF
 575C   0B1A                    atnext:
 575C   0B1A            NEXT
 5788   0B1A            RETURN
 5788   0B1A    
 5788   0B1A    '----- reanim: mainloop check -- play any placement that just b
                                                                      PAGE  28
                                                                      15 Sep 26
                                                                      18:43:54
Offset  Data    Source Line      Microsoft (R) QuickBASIC Compiler Version 4.50

                ecame active+unplayed (hold/once); data-driven DoorOpen
 5788   0B1A    '----- overlay guard for MID-ROOM anim plays (reanim): the stan
                ding player's
 5788   0B1A    '----- fbg and the cursor's save-under were sampled BEFORE the 
                overlay draws,
 5788   0B1A    '----- so restoring them later would stamp stale (closed-drawer
                ) pixels over
 5788   0B1A    '----- the new art. Erase both first (ovpre), play, then re-anc
                hor fbg from
 5788   0B1A    '----- the updated screen and redraw the player (ovpost).
 5788   0B1A    '----- ovprep: decide the player handling for a play over rect 
                ovx1..ovx2/ovy1..ovy2.
 5788   0B1A    '----- Overlapping (ovl%=1): lift him now, re-draw per frame (t
                he old behaviour).
 5788   0B1A    '----- Clear of it (ovl%=0): leave him alone -- NO per-frame re
                draw (no flicker) --
 5788   0B1A    '----- and turn him to WATCH the animation (lookdir toward its 
                centre).
 5788   0B1A    ovprep:
 578D   0B1A            CALL OvPlayer(ovx1, ovy1, ovx2, ovy2, pjx, pjy, nopl, o
                vl%)
 57B7   0B2C            CALL erasecur
 57BC   0B2C            IF nopl = 1 THEN RETURN
 57D7   0B2C            IF ovl% = 1 THEN GOTO ovlift
 57E1   0B2C            obb = b: oaa = a
 57E1   0B2C            b = (ovx1 + ovx2) \ 2: a = (ovy1 + ovy2) \ 2
 57E1   0B2C            GOSUB lookdir
 5851   0B34            GOSUB face
 5859   0B34            b = obb: a = oaa
 5859   0B34            RETURN
 5859   0B34    
 5859   0B34    '----- ovlift/ovpost route through face (the single PStand call
                 site -- each
 5859   0B34    '----- 22-param CALL costs ~170 bytes and GAME.BAS is at the 64
                K code ceiling);
 5859   0B34    '----- a$/lf$ are saved around the trip since face assigns lf$ 
                = a$
 5859   0B34    ovpre:
 5876   0B34            CALL erasecur
 5880   0B34    '----- ovlift: erase-only (no cursor teardown) -- used between 
                frames of a play so
 5880   0B34    '----- the player can be re-drawn over every frame instead of v
                anishing for the swing
 5880   0B34    ovlift:
 5880   0B34            ov2$ = a$: ov3$ = lf$
 5880   0B34            a$ = "": GOSUB face
 58B4   0B3C            a$ = ov2$: lf$ = ov3$
 58B4   0B3C            RETURN
 58B4   0B3C    ovpost:
 58D3   0B3C            GET (pjx, pjy)-(pjx + 30, pjy + 30), fbg
 58D3   0B3C            IF lf$ = "" THEN lf$ = "2"
 594A   0B3C            ov2$ = a$
 594A   0B3C            a$ = lf$: GOSUB face
 596C   0B3C            a$ = ov2$
                                                                      PAGE  29
                                                                      15 Sep 26
                                                                      18:43:54
Offset  Data    Source Line      Microsoft (R) QuickBASIC Compiler Version 4.50

 596C   0B3C            RETURN
 596C   0B3C    
 596C   0B3C    reanim:
 597E   0B3C            IF nPlace < 1 THEN RETURN
 5992   0B3C            FOR pp = 1 TO nPlace
 59AA   0B40                    aidx = 0
 59AA   0B40                    FOR aa = 1 TO nAnim
 59CE   0B44                            IF anId(aa) = plAnim(pp) THEN aidx = aa
 5A19   0B44                    NEXT
 5A3D   0B44                    IF aidx = 0 THEN GOTO ranext
 5A53   0B44                    IF anType$(aidx) = "bg" THEN GOTO ranext
 5A78   0B44                    '----- flag-gated STATIC sprite whose flag just
                 tripped: composite it now,
 5A78   0B44                    '----- once (plStat) -- no need to leave and re
                -enter the room to see it
 5A78   0B44                    IF anMode$(aidx) <> "static" THEN GOTO ranotsta
                t
 5A9D   0B44                    IF plCond(pp) <= 0 THEN GOTO ranext
 5ABF   0B44                    IF ob(plCond(pp)) < 1 THEN GOTO ranext
 5AFD   0B44                    IF plStat(pp) = 1 THEN GOTO ranext
 5B1F   0B44                    GOSUB animparse
 5B27   0B44                    IF nfr < 1 THEN GOTO ranext
 5B3D   0B44                    SRC$ = anSrc$(aidx)
 5B3D   0B44                    PX = plX(pp)
 5B3D   0B44                    PY = plY(pp)
 5B3D   0B44                    GOSUB ovpre
 5BB1   0B44                    afn = fsq(nfr) + 1
 5BB1   0B44                    GOSUB animframe
 5BE0   0B44                    plStat(pp) = 1
 5BE0   0B44                    GOSUB ovpost
 5C04   0B44                    GOTO ranext
 5C04   0B44                    ranotstat:
 5C07   0B44                    '----- "seq" full-screen cutscene (GAME5 PicSeq
                ): plays ONCE when its cond
 5C07   0B44                    '----- flag trips mid-room; the end-facing digi
                t rides in the pal field
 5C07   0B44                    IF anMode$(aidx) <> "seq" THEN GOTO ranotseq
 5C31   0B44                    IF plCond(pp) <= 0 THEN GOTO ranext
 5C53   0B44                    IF ob(plCond(pp)) < 1 THEN GOTO ranext
 5C91   0B44                    IF plSet(pp) < 1 THEN GOTO ranext
 5CB3   0B44                    IF ob(plSet(pp)) = 1 THEN GOTO ranext
 5CF1   0B44                    GOSUB ovpre
 5CF9   0B44                    CALL PicSeq(anSrc$(aidx), anFrames$(aidx), anRa
                te(aidx), anSnd$(aidx))
 5E08   0B52                    CALL HudUse(CINT(sel), ob(), sn$(), fontData())
 5E2A   0B54                    IF anPal$(aidx) <> "" THEN lf$ = anPal$(aidx)
 5E6C   0B54                    GOSUB ovpost
 5E74   0B54                    ob(plSet(pp)) = 1
 5E74   0B54                    GOTO ranext
 5E74   0B54                    ranotseq:
 5EAB   0B54                    '----- loop/random placement whose cond flag tr
                ipped MID-ROOM (the exit fires
 5EAB   0B54                    '----- the moment the curtain seq ends): regist
                er the instance now -- animdraw
                                                                      PAGE  30
                                                                      15 Sep 26
                                                                      18:43:54
Offset  Data    Source Line      Microsoft (R) QuickBASIC Compiler Version 4.50

 5EAB   0B54                    '----- only does it on room load. plStat double
                s as the "registered" marker
 5EAB   0B54                    '----- (animdraw sets it for load-time instance
                s so this never double-spawns).
 5EAB   0B54                    IF anMode$(aidx) <> "loop" AND LEFT$(anMode$(ai
                dx), 6) <> "random" THEN GOTO ranotloop
 5F14   0B54                    IF plCond(pp) <= 0 THEN GOTO ranext
 5F36   0B54                    IF ob(plCond(pp)) < 1 THEN GOTO ranext
 5F74   0B54                    IF plStat(pp) = 1 THEN GOTO ranext
 5F96   0B54                    IF nLoop >= 4 THEN GOTO ranext
 5FA0   0B54                    GOSUB animparse
 5FA8   0B54                    IF nfr < 1 THEN GOTO ranext
 5FBE   0B54                    SRC$ = anSrc$(aidx)
 5FBE   0B54                    PX = plX(pp)
 5FBE   0B54                    PY = plY(pp)
 5FBE   0B54                    awrate = anRate(aidx)
 5FBE   0B54                    '----- lift the player before the save-under GE
                T so it never captures him
 5FBE   0B54                    GOSUB ovpre
 6058   0B54                    nLoop = nLoop + 1
 6058   0B54                    liAnim(nLoop) = aidx
 6058   0B54                    liX(nLoop) = PX
 6058   0B54                    liY(nLoop) = PY
 6058   0B54                    liCur(nLoop) = 1
 6058   0B54                    liRate(nLoop) = awrate
 6058   0B54                    liLast(nLoop) = TIMER
 6058   0B54                    liCond(nLoop) = plCond(pp)
 6058   0B54                    liMin(nLoop) = 0: liMax(nLoop) = 0
 6058   0B54                    liWait(nLoop) = awrate * .05
 6058   0B54                    IF LEFT$(anMode$(aidx), 6) = "random" THEN
 6058   0B54                            IF nfseed = 0 THEN RANDOMIZE TIMER: nfs
                eed = 1
 61D4   0B54                            ars$ = MID$(anMode$(aidx), 8)
 61D4   0B54                            liMin(nLoop) = VAL(ars$)
 61D4   0B54                            arp = INSTR(ars$, " ")
 61D4   0B54                            IF arp > 0 THEN liMax(nLoop) = VAL(MID$
                (ars$, arp + 1))
 6295   0B54                            IF liMax(nLoop) < liMin(nLoop) THEN liM
                ax(nLoop) = liMin(nLoop)
 62E7   0B54                            liWait(nLoop) = liMin(nLoop) + RND * (l
                iMax(nLoop) - liMin(nLoop))
 62E7   0B54                    END IF
 6337   0B54                    GOSUB animdims
 633F   0B54                    IF PX + adw > 320 THEN adw = 320 - PX
 636B   0B54                    IF PY + adh > 200 THEN adh = 200 - PY
 6397   0B54                    liW(nLoop) = adw: liH(nLoop) = adh
 6397   0B54                    GET (PX, PY)-(PX + adw - 1, PY + adh - 1), liSa
                veAll((nLoop - 1) * 210)
 6397   0B54                    afn = fsq(1) + 1
 6397   0B54                    GOSUB animframe
 645C   0B54                    GOSUB ovpost
 6464   0B54                    plStat(pp) = 1
 6464   0B54                    GOTO ranext
 6464   0B54                    ranotloop:
                                                                      PAGE  31
                                                                      15 Sep 26
                                                                      18:43:54
Offset  Data    Source Line      Microsoft (R) QuickBASIC Compiler Version 4.50

 6483   0B54                    '----- move-mode: the sprite itself travels -- 
                play its 1px step script once
 6483   0B54                    '----- (save-under follows it, the player stays
                 drawn), settle at the end
 6483   0B54                    IF anMode$(aidx) <> "move" THEN GOTO ranotmove
 64AD   0B54                    IF plCond(pp) <= 0 THEN GOTO ranext
 64CF   0B54                    IF ob(plCond(pp)) < 1 THEN GOTO ranext
 650D   0B54                    IF plSet(pp) < 1 THEN GOTO ranext
 652F   0B54                    IF ob(plSet(pp)) = 1 THEN GOTO ranext
 656D   0B54                    CALL MovParse(anFrames$(aidx), mdx(), mdy(), mv
                n%, bx1%, by1%, bx2%, by2%)
 65D2   0B58                    IF mvn% < 1 THEN GOTO ranext
 65DC   0B58                    SRC$ = anSrc$(aidx)
 65DC   0B58                    mvx = plX(pp)
 65DC   0B58                    mvy = plY(pp)
 65DC   0B58                    awrate = anRate(aidx)
 65DC   0B58                    GOSUB animdims
 6676   0B60                    ovx1 = mvx + bx1%: ovy1 = mvy + by1%
 6676   0B60                    ovx2 = mvx + bx2% + adw - 1: ovy2 = mvy + by2% 
                + adh - 1
 6676   0B60                    GOSUB ovprep
 66E8   0B60                    '----- lift the idle frame animdraw showed at t
                he start spot: put the clean
 66E8   0B60                    '----- background back so the travel's save-und
                ers never capture the sprite
 66E8   0B60                    IF mvSp = pp THEN
 66E8   0B60                            PUT (mvx, mvy), mvSave, PSET
 66E8   0B60                            mvSp = 0
 66E8   0B60                    END IF
 6731   0B60                    FOR adf = 1 TO mvn%
 6748   0B64                            GET (mvx, mvy)-(mvx + adw - 1, mvy + ad
                h - 1), wbg
 6748   0B64                            PX = mvx: PY = mvy: afn = 1
 6748   0B64                            GOSUB animframe
 67D1   0B64                            IF ovl% = 1 THEN GOSUB ovpost
 67E3   0B64                            GOSUB animwait
 67EB   0B64                            IF ovl% = 1 THEN GOSUB ovlift
 67FD   0B64                            PUT (mvx, mvy), wbg, PSET
 67FD   0B64                            mvx = mvx + mdx(adf)
 67FD   0B64                            mvy = mvy + mdy(adf)
 67FD   0B64                    NEXT
 68A4   0B64                    PX = mvx: PY = mvy: afn = 1
 68A4   0B64                    GOSUB animframe
 68D0   0B64                    IF ovl% = 1 THEN GOSUB ovpost
 68E2   0B64                    IF anSnd$(aidx) <> "" THEN PLAY anSnd$(aidx)
 6920   0B64                    ob(plSet(pp)) = 1
 6920   0B64                    GOTO ranext
 6920   0B64                    ranotmove:
 6957   0B64                    IF anMode$(aidx) <> "hold" AND anMode$(aidx) <>
                 "once" THEN GOTO ranext
 69B6   0B64                    IF plCond(pp) <= 0 THEN GOTO ranext
 69D8   0B64                    IF ob(plCond(pp)) < 1 THEN GOTO ranext
 6A16   0B64                    IF plSet(pp) < 1 THEN GOTO ranext
 6A38   0B64                    IF ob(plSet(pp)) = 1 THEN GOTO ranext
                                                                      PAGE  32
                                                                      15 Sep 26
                                                                      18:43:54
Offset  Data    Source Line      Microsoft (R) QuickBASIC Compiler Version 4.50

 6A76   0B64                    GOSUB animparse
 6A7E   0B64                    IF nfr < 1 THEN GOTO ranext
 6A94   0B64                    SRC$ = anSrc$(aidx)
 6A94   0B64                    PX = plX(pp)
 6A94   0B64                    PY = plY(pp)
 6A94   0B64                    awrate = anRate(aidx)
 6A94   0B64                    GOSUB animdims
 6B2E   0B64                    ovx1 = PX: ovy1 = PY: ovx2 = PX + adw - 1: ovy2
                 = PY + adh - 1
 6B2E   0B64                    GOSUB ovprep
 6B7A   0B64                    '----- save-under sized to the FRAME (animdims 
                ran above) -- big hold/once
 6B7A   0B64                    '----- frames (up to 416 bytes, e.g. 33x45) res
                tore cleanly too
 6B7A   0B64                    GET (PX, PY)-(PX + adw - 1, PY + adh - 1), wbg
 6B7A   0B64                    '----- overlapping player stays VISIBLE through
                 the play: re-drawn over each
 6B7A   0B64                    '----- frame (ovpost re-anchors fbg), lifted ag
                ain before the next. A clear
 6B7A   0B64                    '----- player is left entirely alone (no flicke
                r) -- he just turned to watch
 6B7A   0B64                    FOR adf = 1 TO nfr
 6BEC   0B68                            IF adf > 1 AND ovl% = 1 THEN GOSUB ovli
                ft
 6C1F   0B68                            afn = fsq(adf) + 1
 6C1F   0B68                            GOSUB animframe
 6C4E   0B68                            IF ovl% = 1 THEN GOSUB ovpost
 6C60   0B68                            GOSUB animwait
 6C68   0B68                    NEXT
 6C8F   0B68                    IF anSnd$(aidx) <> "" THEN PLAY anSnd$(aidx)
 6CCD   0B68                    IF anMode$(aidx) = "once" THEN
 6CCD   0B68                            IF ovl% = 1 THEN GOSUB ovlift
 6D04   0B68                            PUT (PX, PY), wbg, PSET
 6D04   0B68                            IF ovl% = 1 THEN GOSUB ovpost
 6D40   0B68                    END IF
 6D40   0B68                    ob(plSet(pp)) = 1
 6D40   0B68                    ranext:
 6D74   0B68            NEXT
 6DA0   0B68            RETURN
 6DA0   0B68    
 6DA0   0B68    '----- dooseq: room3 door entry cutscene -- walk player in from
                 the door while it opens, face up-right
 6DA0   0B68    dooseq:
 6DA5   0B68            CLOSE
 6DA5   0B68            '----- walk in from the door using the startup-cached r
                ight-facing set (slot 2 = offset 302)
 6DA5   0B68            FOR i = 90 TO 140 STEP 3
 6DBA   0B68                    CALL PStep(i, 130, 0, f3, 1, 302, cwa(), cmwa()
                , cwb(), cmwb(), wbg(), ovf())
 6E13   0B74                    i = i + 3
 6E13   0B74                    CALL PStep(i, 130, 1, f3, 1, 302, cwa(), cmwa()
                , cwb(), cmwb(), wbg(), ovf())
 6E7D   0B80            NEXT
 6EA4   0B80            a$ = "6": GOSUB face
                                                                      PAGE  33
                                                                      15 Sep 26
                                                                      18:43:54
Offset  Data    Source Line      Microsoft (R) QuickBASIC Compiler Version 4.50

 6EB9   0B80            dwsec = .5: GOSUB dwait
 6ECD   0B84            a$ = "9": GOSUB face
 6EE2   0B84            dwsec = .5: GOSUB dwait
 6EF6   0B84            SRC$ = "door"
 6EF6   0B84            PLAY "MB<<f6p20d7p20g-7p20e-7p20a5>>"
 6F0C   0B84            FOR i = 1 TO 4
 6F14   0B84                    afn = i: PX = 175: PY = 109: GOSUB animframe
 6F40   0B84                    dwsec = .18: GOSUB dwait
 6F54   0B84            NEXT
 6F78   0B84            PLAY "MF"
 6F81   0B84            ob(42) = 1
 6F81   0B84            RETURN
 6F81   0B84    
 6F81   0B84    dwait:
 6F9D   0B84            dwt = TIMER
 6F9D   0B84            dwl1:
 6FB3   0B88            dwd = TIMER - dwt
 6FB3   0B88            IF dwd < 0 THEN dwd = dwd + 86400
 6FF5   0B8C            IF dwd < dwsec THEN GOTO dwl1
 7008   0B8C            RETURN
 7008   0B8C    
 7008   0B8C    '----- room12 rope travel (GAME5 ClimbSeq does the sprite work)
                .
 7008   0B8C    '----- climbdn: entry from room10 -- the rope (14) leaves the i
                nventory while
 7008   0B8C    '----- it is tied off below (state 2); aqo resets so re-taking 
                it beeps again.
 7008   0B8C    climbdn:
 700D   0B8C            '----- no descend cutscene (normal entries do not show 
                a walk-in either):
 700D   0B8C            '----- just appear at the rope base; the ASCEND (climbu
                p) still animates
 700D   0B8C            ob(14) = 2: aqo(14) = 0
 700D   0B8C            pjx = 136: pjy = 132
 700D   0B8C            GET (pjx, pjy)-(pjx + 30, pjy + 30), fbg
 700D   0B8C            a$ = "2": GOSUB face
 70BA   0B8C            RETURN
 70BA   0B8C    '----- climbup: fired in gotoroom BEFORE the room switch -- era
                se the standing
 70BA   0B8C    '----- player (via face, a$/lf$ preserved), then the sprite cli
                mbs up and away
 70BA   0B8C    climbup:
 70BF   0B8C            ov2$ = a$: ov3$ = lf$
 70BF   0B8C            a$ = "": GOSUB face
 70F3   0B8C            a$ = ov2$: lf$ = ov3$
 70F3   0B8C            CALL ClimbSeq(1, 138, 92, 132, f3, wa(), mwa(), wb(), m
                wb(), wbg(), ovf())
 7168   0B9A            RETURN
 7168   0B9A    '----- upgrate: arrival in room10 from below -- stand at the gr
                ate; the walkout
 7168   0B9A    '----- already set ob(14)=1, so the acquisition scan plays the 
                pickup sound here
 7168   0B9A    upgrate:
 716D   0B9A            pjx = 203: pjy = 140
                                                                      PAGE  34
                                                                      15 Sep 26
                                                                      18:43:54
Offset  Data    Source Line      Microsoft (R) QuickBASIC Compiler Version 4.50

 716D   0B9A            GET (pjx, pjy)-(pjx + 30, pjy + 30), fbg
 716D   0B9A            a$ = "1": GOSUB face
 71F2   0B9A            CALL drawMsg("You gather up your rope on the way out.",
                 font3Data()): txr = 1
 7215   0B9E            RETURN
 7215   0B9E    
 7215   0B9E    '----- room9 trap: the gate slams and the lever drops on the fi
                rst entry
 7215   0B9E    '----- (gotoroom). 66 = trapped (all the state statics + exit l
                ock key on it)
 7215   0B9E    '----- gplook: coords of anim id gpi's placement in this room -
                > gpx,gpy
 7215   0B9E    '----- (leaves the caller's preset fallback when no placement e
                xists)
 7215   0B9E    gplook:
 7226   0B9E            FOR gpp = 1 TO nPlace
 7242   0BA2                    IF plAnim(gpp) = gpi THEN gpx = plX(gpp): gpy =
                 plY(gpp)
 72BE   0BB2            NEXT
 72E5   0BB2            RETURN
 72E5   0BB2    
 72E5   0BB2    gateseq:
 72EA   0BB2            dwsec = .7: GOSUB dwait
 7303   0BB2            gpx = 215: gpy = 151: gpi = 47: GOSUB gplook
 732F   0BB2            SRC$ = "NOARROW": afn = 1: PX = gpx: PY = gpy: GOSUB an
                imframe
 7368   0BB2            gpx = 221: gpy = 126: gpi = 48: GOSUB gplook: gtx = gpx
                : gty = gpy
 7394   0BB2            gpx = 210: gpy = 127: gpi = 49: GOSUB gplook: lvx = gpx
                : lvy = gpy
 73D8   0BBA            SRC$ = "R9GATE"
 73D8   0BBA            FOR gsf = 1 TO 5
 7406   0BC2                    afn = gsf: PX = gtx: PY = gty: GOSUB animframe
 7432   0BC6                    SOUND 90, .6: SOUND 32676, 1.2
 7454   0BC6                    '----- first clunk: the player spins round to f
                ace the falling gate
 7454   0BC6                    '----- (entry spawn 140,130 never overlaps the 
                gate/lever/arrow rects)
 7454   0BC6                    IF gsf = 1 THEN a$ = "6": GOSUB face
 747F   0BC6            NEXT
 74A6   0BC6            SOUND 50, 2
 74B7   0BC6            dwsec = .35: GOSUB dwait
 74CB   0BC6            SRC$ = "R9LEVER"
 74CB   0BC6            FOR gsf = 1 TO 3
 74E0   0BC6                    afn = gsf: PX = lvx: PY = lvy: GOSUB animframe
 750C   0BC6                    SOUND 130, .3: SOUND 32676, 1
 752E   0BC6            NEXT
 7552   0BC6            ob(66) = 1
 7552   0BC6            CALL drawMsg("The gate slams down behind you! The lever
                 drops with a heavy clunk.", font3Data()): txr = 1
 758C   0BCA            RETURN
 758C   0BCA    
 758C   0BCA    '----- room9 escape (use rope on the pulley, st=68 -> deferred 
                here): rope
                                                                      PAGE  35
                                                                      15 Sep 26
                                                                      18:43:54
Offset  Data    Source Line      Microsoft (R) QuickBASIC Compiler Version 4.50

 758C   0BCA    '----- overlay, pull, lever up, gate reverse, arch restore, rop
                e removal.
 758C   0BCA    '----- 66 clears (trap statics + exit lock off), 68 = solved fo
                rever.
 758C   0BCA    gateopen:
 759D   0BCA            GOSUB ovpre
 75AA   0BCA            '----- coords come from the (never-shown, cond 99) edit
                or placements
 75AA   0BCA            gpx = 197: gpy = 98: gpi = 51: GOSUB gplook: gp1x = gpx
                : gp1y = gpy
 75D6   0BCA            gpx = 197: gpy = 98: gpi = 52: GOSUB gplook: gp2x = gpx
                : gp2y = gpy
 761A   0BD2            gpx = 201: gpy = 98: gpi = 53: GOSUB gplook: gp3x = gpx
                : gp3y = gpy
 765E   0BDA            gpx = 221: gpy = 126: gpi = 48: GOSUB gplook: gtx = gpx
                : gty = gpy
 76A2   0BE2            gpx = 210: gpy = 124: gpi = 50: GOSUB gplook: lux = gpx
                : luy = gpy
 76E6   0BE2            gx1 = gp1x: IF gp2x < gx1 THEN gx1 = gp2x
 772C   0BEE            IF gp3x < gx1 THEN gx1 = gp3x
 774E   0BEE            gy1 = gp1y: IF gp2y < gy1 THEN gy1 = gp2y
 777C   0BF2            IF gp3y < gy1 THEN gy1 = gp3y
 779E   0BF2            gx2 = gp1x + 22: IF gp2x + 22 > gx2 THEN gx2 = gp2x + 2
                2
 77DB   0BF6            IF gp3x + 13 > gx2 THEN gx2 = gp3x + 13
 7807   0BF6            gy2 = gp1y + 48: IF gp2y + 48 > gy2 THEN gy2 = gp2y + 4
                8
 7844   0BFA            IF gp3y + 49 > gy2 THEN gy2 = gp3y + 49
 7870   0BFA            IF gx2 > 319 THEN gx2 = 319
 7892   0BFA            IF gy2 > 199 THEN gy2 = 199
 78B4   0BFA            GET (gx1, gy1)-(gx2, gy2), gsv
 78B4   0BFA            SRC$ = "R9RPADD": afn = 1: PX = gp3x: PY = gp3y: GOSUB 
                animframe
 7928   0BFA            '----- the hung rope drops in behind the player: show h
                im in front for the
 7928   0BFA            '----- beat (ovpost snapshots the rope into fbg, ovlift
                 erases him again)
 7928   0BFA            GOSUB ovpost
 7930   0BFA            dwsec = .6: GOSUB dwait
 7944   0BFA            GOSUB ovlift
 794C   0BFA            SRC$ = "R9PULL"
 794C   0BFA            FOR gsf = 1 TO 3
 7962   0BFA                    afn = gsf: PX = gp1x: PY = gp1y: GOSUB animfram
                e
 798E   0BFA                    SOUND 100, .3: SOUND 32676, 1.4
 79B0   0BFA            NEXT
 79D4   0BFA            '----- the lever grind is AUDIO ONLY here: the rope is 
                attached to the
 79D4   0BFA            '----- lever, so its motion is baked into the pull fram
                es -- a separate
 79D4   0BFA            '----- lever anim drew over the held pull pose (user 20
                26-08-01)
 79D4   0BFA            FOR gsf = 1 TO 3
 79DC   0BFA                    SOUND 140, .3: SOUND 32676, 1
                                                                      PAGE  36
                                                                      15 Sep 26
                                                                      18:43:54
Offset  Data    Source Line      Microsoft (R) QuickBASIC Compiler Version 4.50

 79FE   0BFA            NEXT
 7A22   0BFA            SRC$ = "R9GATE"
 7A22   0BFA            FOR gsf = 5 TO 1 STEP -1
 7A38   0BFA                    afn = gsf: PX = gtx: PY = gty: GOSUB animframe
 7A64   0BFA                    SOUND 90, .5: SOUND 32676, 1.2
 7A86   0BFA            NEXT
 7AAA   0BFA            SRC$ = "R9OPNBG": afn = 1: PX = 215: PY = 126: GOSUB an
                imframe
 7AE3   0BFA            dwsec = .3: GOSUB dwait
 7AF7   0BFA            SRC$ = "R9RMROP"
 7AF7   0BFA            FOR gsf = 1 TO 3
 7B0C   0BFA                    afn = gsf: PX = gp2x: PY = gp2y: GOSUB animfram
                e
 7B38   0BFA                    '----- remove frame 3's art lacks the lever arm
                 -- keep the raised
 7B38   0BFA                    '----- lever painted through the whole coil-up 
                (no-op on frames 1-2)
 7B38   0BFA                    SRC$ = "R9LEVUP": afn = 1: PX = lux: PY = luy: 
                GOSUB animframe
 7B71   0BFA                    SRC$ = "R9RMROP"
 7B71   0BFA                    dwsec = .22: GOSUB dwait
 7B92   0BFA            NEXT
 7BB9   0BFA            PUT (gx1, gy1), gsv, PSET
 7BB9   0BFA            '----- the restore re-painted the trapped-state capture
                 (lever down) --
 7BB9   0BFA            '----- stamp the raised lever back before the player re
                turns
 7BB9   0BFA            SRC$ = "R9LEVUP": afn = 1: PX = lux: PY = luy: GOSUB an
                imframe
 7C1C   0BFA            ob(66) = 0: ob(68) = 1
 7C1C   0BFA            GOSUB ovpost
 7C4F   0BFA            '----- the pickup chime tells the player the rope is th
                eirs again
 7C4F   0BFA            CALL Snd1
 7C54   0BFA            CALL drawMsg("The lever grinds up and the gate rises! Y
                ou coil the |rope| back into your pack.", font3Data()): txr = 1
 7C77   0BFE            RETURN
 7C77   0BFE    
 7C77   0BFE    loadroom:
 7C88   0BFE            txr = 0: cdrawn = 0
 7C88   0BFE            CLOSE
 7C88   0BFE            OPEN q$ + ".pac" FOR INPUT AS #1
 7C88   0BFE            LINE INPUT #1, hd$
 7CD5   0BFE            co = VAL(hd$): hd$ = MID$(hd$, INSTR(hd$, ",") + 1)
 7CD5   0BFE            pa1 = VAL(hd$): hd$ = MID$(hd$, INSTR(hd$, ",") + 1)
 7CD5   0BFE            pa2 = VAL(hd$): hd$ = MID$(hd$, INSTR(hd$, ",") + 1)
 7CD5   0BFE            pa3 = VAL(hd$)
 7CD5   0BFE            nopl = 0: IF INSTR(hd$, ",") > 0 THEN nopl = VAL(MID$(h
                d$, INSTR(hd$, ",") + 1))
 7DF2   0C02            i = 0
 7DF2   0C02            ON ERROR GOTO hoterr
 7E08   0C02            DO
 7E08   0C02                    i = i + 1
 7E08   0C02                    INPUT #1, ox(i), oy(i), oi(i)
                                                                      PAGE  37
                                                                      15 Sep 26
                                                                      18:43:54
Offset  Data    Source Line      Microsoft (R) QuickBASIC Compiler Version 4.50

 7E22   0C02            LOOP UNTIL oy(i) = 0 OR i = 257
 7E22   0C02            hotok:
 7EC6   0C02            ON ERROR GOTO objerr
 7ED5   0C02            FOR i = 1 TO 25
 7EDE   0C02                    INPUT #1, df$(i), ms$(i), ky$(i)
 7EE7   0C02                    INPUT #1, bs(i), cs(i), st(i), tg$(i)
 7F55   0C02                    '----- trailing "x" on tg = using this object C
                ONSUMES the item (clockhand,
 7F55   0C02                    '----- rock); stripped here so the walkout/face
                 tag parsing never sees it
 7F55   0C02                    xus(i) = 0
 7F55   0C02                    IF RIGHT$(tg$(i), 1) = "x" THEN xus(i) = 1: tg$
                (i) = LEFT$(tg$(i), LEN(tg$(i)) - 1)
 8092   0C02            NEXT
 80B9   0C02            objok:
 80B9   0C02            ON ERROR GOTO errhand
 80C8   0C02            nPlace = 0
 80C8   0C02            wbmin = 40: wbmax = 250
 80C8   0C02            wbymin = 138: wbymax = 176
 80C8   0C02            FOR i = 1 TO 25: spx(i) = -1: spd(i) = 0: NEXT
 8162   0C02            FOR i = 1 TO 20: plStat(i) = 0: NEXT
 81AA   0C02            mvSp = 0
 81AA   0C02            ovf(0) = 0: ovnext = 17
 81AA   0C02            ON ERROR GOTO placeeof
 81D6   0C02            placeloop:
 81D6   0C02            IF nPlace >= 20 THEN GOTO placeend
 81E5   0C02            INPUT #1, pla, plb, plc, pld, ple
 81EE   0C02            '----- pla=-1 sentinel = walkable-band record: x min/ma
                x, then optional
 81EE   0C02            '----- y limits (sprite-top min, sprite-bottom max; 0 =
                 keep default)
 81EE   0C02            IF pla <> -1 THEN GOTO notwband
 8245   0C16            wbmin = plb: wbmax = plc
 8245   0C16            IF pld > 0 THEN wbymin = pld
 827F   0C16            IF ple > 0 THEN wbymax = ple
 82A1   0C16            GOTO placeloop
 82A1   0C16            notwband:
 82A4   0C16            '----- pla=-2 sentinel = per-object stand point: obj, f
                eet x, feet y, facing
 82A4   0C16            IF pla <> -2 THEN GOTO notstand
 82BF   0C16            IF plb >= 1 AND plb <= 25 THEN spx(plb) = plc: spy(plb)
                 = pld: spd(plb) = ple
 8370   0C16            GOTO placeloop
 8370   0C16            notstand:
 8373   0C16            IF pla < 1 THEN GOTO placeend
 838E   0C16            nPlace = nPlace + 1
 838E   0C16            plAnim(nPlace) = pla: plX(nPlace) = plb: plY(nPlace) = 
                plc: plCond(nPlace) = pld: plSet(nPlace) = ple
 838E   0C16            GOTO placeloop
 838E   0C16            placeeof:
 8413   0C16            RESUME placeend
 8420   0C16            '----- on a bad/short room file, skip the rest of that 
                read and keep going
 8420   0C16            hoterr:
                                                                      PAGE  38
                                                                      15 Sep 26
                                                                      18:43:54
Offset  Data    Source Line      Microsoft (R) QuickBASIC Compiler Version 4.50

 8420   0C16            IF i >= 1 AND i <= 257 THEN oy(i) = 0
 847A   0C16            RESUME hotok
 8482   0C16            objerr:
 8482   0C16            RESUME objok
 848F   0C16            placeend:
 848F   0C16            ON ERROR GOTO errhand
 849E   0C16            CLS
 849E   0C16            '----- rooms with overlays load behind a black palette 
                so the base .pic (e.g. the
 849E   0C16            '----- closed door) never flashes before animdraw compo
                sites the state frames on it;
 849E   0C16            '----- rmpal (below / inside animdraw before any full p
                lay) then lights the room up
 849E   0C16            IF nPlace > 0 THEN
 849E   0C16                    COLOR 0
 849E   0C16                    PALETTE 1, 0: PALETTE 2, 0: PALETTE 3, 0
 849E   0C16            ELSE
 84EE   0C16                    GOSUB rmpal
 84F6   0C16            END IF
 84F6   0C16            DEF SEG = -18432
 84F6   0C16            BLOAD q$ + ".pic", 0
 84F6   0C16            KEY OFF
 8519   0C16            DEF SEG
 8519   0C16            GOSUB animdraw
 852E   0C16            CALL ShadRoom(q$)
 8537   0C16            GOSUB rmpal
 853F   0C16            GET (1, 8)-(9, 18), bk: GET (1, 8)-(9, 18), bk2
 853F   0C16            '----- bottom Use-item HUD, drawn BEFORE the player sav
                e-under GET so
 853F   0C16            '----- sprite restores keep it intact
 853F   0C16            IF q$ <> "title" AND q$ <> "death" AND q$ <> "dindead" 
                AND q$ <> "lightn" THEN CALL HudUse(CINT(sel), ob(), sn$(), fon
                tData())
 8622   0C18            '----- map screen: remember the room number + mark it v
                isited (ob(64) bitmask)
 8622   0C18            IF LEFT$(q$, 4) = "room" THEN mrn = VAL(MID$(q$, 5)): I
                F mrn >= 1 AND mrn <= 12 THEN ob(64) = CLNG(ob(64)) OR CLNG(2 ^
                 (mrn - 1))
 86EA   0C18            IF q$ <> lrq$ THEN pjx = 140: pjy = 130
 8714   0C18            lrq$ = q$
 8714   0C18            GET (pjx, pjy)-(pjx + 30, pjy + 30), fbg
 8714   0C18            GOSUB hitzones
 877C   0C18            IF q$ <> "title" THEN GOTO walkout
 878E   0C18    
 878E   0C18            '----- title screen music: "Dark Visions" ostinato (ori
                ginal composition,
 878E   0C18            '----- replaced Gounod's Funeral March of a Marionette 
                / Hitchcock theme).
 878E   0C18            '----- Trailing o0 leaves the octave state the old bloc
                k left, since later
 878E   0C18            '----- jingles use relative <>'s from wherever the titl
                e music ended.
 878E   0C18            PLAY "t120mno1l8de-de-de-de-de-de-de-de-"
 8797   0C18            PLAY "o1l8fg-fg-fg-fg-g+ag+ag+ag+a"
                                                                      PAGE  39
                                                                      15 Sep 26
                                                                      18:43:54
Offset  Data    Source Line      Microsoft (R) QuickBASIC Compiler Version 4.50

 87A0   0C18            PLAY "o2l8de-de-de-de-dc+dc+dc+dc+"
 87A9   0C18            PLAY "o2d4p8o1a4p8d2o0"
 87B2   0C18    
 87B2   0C18    '----- walk-out: dispatch to walking animation
 87B2   0C18    walkout:
 87B2   0C18            GOTO 8240
 87B2   0C18            '----- decide whether to walk out and which direction s
                prite to load
 87B2   0C18            8240 CLOSE
 87BA   0C18            IF q$ = "title" OR q$ = "death" OR q$ = "dindead" THEN 
                RETURN
 881C   0C18            IF wk = 1 THEN GOTO 8265
 8832   0C18            RETURN
 8832   0C18            RETURN
 8832   0C18    
 8832   0C18            '----- erase the standing player, then walk out via GAM
                E5 walkTo from
 8832   0C18            '----- wherever the player stands (a$ direction 1=s 2=n
                 3=e 4=w; the
 8832   0C18            '----- old per-walkout joew sprite disk loads are gone 
                -- LoadWalks
 8832   0C18            '----- cached all 4 direction sets at startup)
 8832   0C18            8265 sf$ = a$
 883C   0C18            a$ = ""
 883C   0C18            GOSUB face
 8863   0C18            a$ = sf$
 8863   0C18            wtx = pjx: wty = pjy
 8863   0C18            IF a$ = "1" THEN wty = 152
 88A6   0C20            IF a$ = "2" THEN wty = 118
 88C4   0C20            IF a$ = "3" THEN wtx = 197
 88E2   0C20            IF a$ = "4" THEN wtx = 87
 8900   0C20            '----- vertical exit clicked while standing away from t
                he door (walk-to can
 8900   0C20            '----- leave the player anywhere): L-walk to the door's
                 x first, then out.
 8900   0C20            '----- The 12px dead zone keeps the classic centered wa
                lkout pixel-identical.
 8900   0C20            IF (a$ = "1" OR a$ = "2") AND ABS(b - 15 - pjx) > 12 TH
                EN wtx = b - 15
 896E   0C20            CALL walkTo(wtx, wty, pjx, pjy, f3, cwa(), cmwa(), cwb(
                ), cmwb(), wbg(), ovf())
 899F   0C20            RETURN
 899F   0C20    face:
 89A4   0C20            '----- tear down the mouse cursor first: its save-under
                 was sampled before this turn, so restoring it later would repa
                int the OLD player (erasecur no-ops when the cursor isn't drawn
                ). Next mousepoll re-samples after the turn.
 89A4   0C20            CALL erasecur
 89AE   0C20            '----- erase + redraw the standing player at (pjx,pjy) 
                -- GAME5 PStand
 89AE   0C20            '----- (erase restores fbg; nopl close-up rooms erase b
                ut skip the draw)
 89AE   0C20            CALL PStand(a$, pjx, pjy, nopl, fbg(), fd(), mfd(), fu(
                ), mfu(), fr(), mfr(), fl(), mfl(), fdl(), mfdl(), fdr(), mfdr(
                                                                      PAGE  40
                                                                      15 Sep 26
                                                                      18:43:54
Offset  Data    Source Line      Microsoft (R) QuickBASIC Compiler Version 4.50

                ), ful(), mful(), fur(), mfur(), ovf())
 8A0B   0C20            lf$ = a$
 8A0B   0C20            RETURN
 8A0B   0C20    
 8A0B   0C20    '----- walk-to-item (walkto ini, wksen): a firing get/use first
                 walks the
 8A0B   0C20    '----- player to stand under the clicked spot (b,a), clamped to
                 the room's
 8A0B   0C20    '----- walkable x-band, then re-anchors the standing save-under
                 (fbg) there
 8A0B   0C20    '----- and faces the item. ACTIONS walk too, but ONLY to an aut
                hored stand
 8A0B   0C20    '----- point (no beside-the-item fallback, so walkouts + unauth
                ored actions
 8A0B   0C20    '----- stay instant); look is always instant; close-up scenes (
                nopl) never
 8A0B   0C20    '----- walk. Called from the action fire point.
 8A0B   0C20    wlkitem:
 8A1D   0C20            wlkdd = 0
 8A1D   0C20            IF wksen <> 1 OR nopl = 1 THEN RETURN
 8A6C   0C20            woi% = CINT(i)
 8A6C   0C20            IF a$ = "a" AND spx(woi%) < 0 THEN RETURN
 8AB5   0C22            IF a$ <> "g" AND a$ <> "u" AND a$ <> "a" THEN RETURN
 8B0A   0C22            IF spx(woi%) >= 0 THEN
 8B0A   0C22                    '----- authored stand point (editor-placed): fe
                et-center -> sprite top-left
 8B0A   0C22                    wsx = spx(woi%) - 15
 8B0A   0C22                    wsy = spy(woi%) - 30
 8B0A   0C22            ELSE
 8B60   0C2A                    '----- no authored point: stand BESIDE the item
                 (right half of the view
 8B60   0C2A                    '----- -> ~20px left of it, left half -> ~20px 
                right), head toward the
 8B60   0C2A                    '----- item's height, clamped to the room's flo
                or band
 8B60   0C2A                    IF b > 160 THEN wsx = b - 35 ELSE wsx = b + 5
 8B9B   0C2A                    IF wsx < wbmin THEN wsx = wbmin
 8BBD   0C2A                    IF wsx > wbmax THEN wsx = wbmax
 8BDF   0C2A                    wsy = a
 8BDF   0C2A                    IF wsy < wbymin THEN wsy = wbymin
 8C0D   0C2A                    IF wsy > wbymax - 30 THEN wsy = wbymax - 30
 8C39   0C2A            END IF
 8C39   0C2A            '----- keep the 31x31 sprite box on screen whatever the
                 data says
 8C39   0C2A            IF wsx < 0 THEN wsx = 0
 8C5B   0C2A            IF wsx > 289 THEN wsx = 289
 8C7D   0C2A            IF wsy < 0 THEN wsy = 0
 8C9F   0C2A            IF wsy > 169 THEN wsy = 169
 8CC1   0C2A            IF wsx = pjx AND wsy = pjy THEN GOTO wlkface
 8CFA   0C2A            sf$ = a$
 8CFA   0C2A            a$ = ""
 8CFA   0C2A            GOSUB face
 8D1C   0C2A            a$ = sf$
 8D1C   0C2A            CALL walkTo(wsx, wsy, pjx, pjy, f3, cwa(), cmwa(), cwb(
                                                                      PAGE  41
                                                                      15 Sep 26
                                                                      18:43:54
Offset  Data    Source Line      Microsoft (R) QuickBASIC Compiler Version 4.50

                ), cmwb(), wbg(), ovf())
 8D5A   0C2A            GET (pjx, pjy)-(pjx + 30, pjy + 30), fbg
 8D5A   0C2A            wlkface:
 8DAD   0C2A            sf$ = a$
 8DAD   0C2A            '----- authored facing wins (wlkdd suppresses the later
                 f-tag turn); else aim the eyes
 8DAD   0C2A            IF spx(woi%) >= 0 AND spd(woi%) >= 1 THEN a$ = LTRIM$(S
                TR$(spd(woi%))): wlkdd = 1 ELSE GOSUB lookdir
 8E33   0C2A            GOSUB face
 8E3B   0C2A            a$ = sf$
 8E3B   0C2A            RETURN
 8E3B   0C2A    
 8E3B   0C2A    '----- lookdir: set a$ to the 8-way facing from the player's EY
                ES (top of the
 8E3B   0C2A    '----- head, ~5px into the sprite) toward the click point (b,a)
                . Replaces the
 8E3B   0C2A    '----- directions hardcoded in the room data, which assumed a c
                enter-screen
 8E3B   0C2A    '----- player. Dead zones keep small offsets from twitching int
                o diagonals.
 8E3B   0C2A    lookdir:
 8E4D   0C2A            '----- body in GAME2 LookDir -- 64K ceiling
 8E4D   0C2A            CALL LookDir(b, a, pjx, pjy, a$)
 8E6B   0C2A            RETURN
 8E6B   0C2A    
 8E6B   0C2A    '----- joeface: load Joe face sprites, pick direction toward pl
                ayer
 8E6B   0C2A    joeface:
 8E70   0C2A            CLOSE
 8E70   0C2A            OPEN "joed.pct" FOR INPUT AS #1
 8E70   0C2A            FOR i = 0 TO 125
 8E9A   0C2A                    IF EOF(1) THEN GOTO 9705
 8EAA   0C2A                    INPUT #1, fd(i), fu(i), fr(i), fl(i), fdl(i), f
                dr(i), ful(i), fur(i)
 8EB3   0C2A            NEXT
 8FCF   0C2A            9705 CLOSE
 8FCF   0C2A            OPEN "joed.msk" FOR INPUT AS #1
 8FCF   0C2A            FOR i = 0 TO 125
 8FFA   0C2A                    IF EOF(1) THEN GOTO 9710
 900A   0C2A                    INPUT #1, mfd(i), mfu(i), mfr(i), mfl(i), mfdl(
                i), mfdr(i), mful(i), mfur(i)
 9013   0C2A            NEXT
 912F   0C2A    
 912F   0C2A            9710 dx2 = jx - b
 912F   0C2A            dy2 = jy - a
 912F   0C2A    
 912F   0C2A            IF ((dy2 > dx2) AND ((dy2 < dx2) AND (dy2 > 0))) = 0 TH
                EN GOTO 9760
 91AA   0C2A            a$ = "1"
 91AA   0C2A            9760 IF ((dy2 > dx2) AND ((dy2 < dx2) AND (dy2 > 0))) =
                 0 THEN GOTO 9780
 9210   0C2A            a$ = "2"
 9210   0C2A            9780 IF ((dy2 > dx2) AND ((dy2 < dx2) AND (dy2 > 0))) =
                 0 THEN GOTO 9800
                                                                      PAGE  42
                                                                      15 Sep 26
                                                                      18:43:54
Offset  Data    Source Line      Microsoft (R) QuickBASIC Compiler Version 4.50

 9276   0C2A            a$ = "3"
 9276   0C2A            9800 IF ((dy2 > dx2) AND ((dy2 < dx2) AND (dy2 > 0))) =
                 0 THEN GOTO 9820
 92DC   0C2A            a$ = "6"
 92DC   0C2A            9820 IF ((dy2 > dx2) AND ((dy2 < dx2) AND (dy2 > 0))) =
                 0 THEN GOTO 9840
 9342   0C2A            a$ = "9"
 9342   0C2A            9840 IF ((dy2 > dx2) AND ((dy2 < dx2) AND (dy2 > 0))) =
                 0 THEN GOTO 9860
 93A8   0C2A            a$ = "8"
 93A8   0C2A            9860 IF ((dy2 > dx2) AND ((dy2 < dx2) AND (dy2 > 0))) =
                 0 THEN GOTO 9880
 940E   0C2A            a$ = "7"
 940E   0C2A            9880 IF ((dy2 > dx2) AND ((dy2 < dx2) AND (dy2 > 0))) =
                 0 THEN GOTO 9900
 9474   0C2A            a$ = "4"
 9474   0C2A    
 9474   0C2A            9900 RETURN
 9481   0C2A    
 9481   0C2A    '----- wilb: load and show Wilbur sprite, play death cue
 9481   0C2A    wilb:
 948B   0C2A            CLOSE
 948B   0C2A            '----- revive=1: the pre-room snapshot becomes the revi
                ve point (doc guard:
 948B   0C2A            '----- the fight loop re-enters these scenes -- only ar
                m on first appearance)
 948B   0C2A            IF rvon = 1 AND doc = 0 AND rvSnap = 1 THEN rvArm = 1
 94F8   0C2A            OPEN "wilb.pct" FOR INPUT AS #1
 94F8   0C2A            FOR i = 0 TO 125
 9516   0C2A                    IF EOF(1) THEN GOTO 9955
 9526   0C2A                    INPUT #1, wa(i)
 952F   0C2A            NEXT
 9576   0C2A            9955 CLOSE
 9576   0C2A            OPEN "wilb.msk" FOR INPUT AS #1
 9576   0C2A            FOR i = 0 TO 125
 95A0   0C2A                    IF EOF(1) THEN GOTO 9960
 95B0   0C2A                    INPUT #1, mwa(i)
 95B9   0C2A            NEXT
 9600   0C2A    
 9600   0C2A            '----- close the msk (same #1 leak as golf's)
 9600   0C2A            9960 CLOSE
 9600   0C2A            PUT (110, 128), mwa, AND: PUT (110, 128), wa, OR
 9600   0C2A    
 9600   0C2A            ti = TIMER
 9600   0C2A            FOR i = 1 TO 4
 966A   0C2A                    IF (TIMER - ti) <= tmo THEN GOTO 10020
 968A   0C2A                    i = 4
 968A   0C2A                    GOTO 10030
 968A   0C2A            10020 i = 1
 9699   0C2A            10030 NEXT
 96D3   0C2A    
 96D3   0C2A            SOUND f3, .3
 96EB   0C2A            SOUND f1, .5
 9703   0C2A            PLAY "p10"
                                                                      PAGE  43
                                                                      15 Sep 26
                                                                      18:43:54
Offset  Data    Source Line      Microsoft (R) QuickBASIC Compiler Version 4.50

 970C   0C2A            SOUND f3, .3
 9724   0C2A            SOUND f1, .5
 973C   0C2A    
 973C   0C2A            sl$ = "a"
 973C   0C2A            tt$ = "y"
 973C   0C2A            i = 0
 973C   0C2A            df$(i) = "death"
 973C   0C2A            GOTO gotoroom
 973C   0C2A    '----- golf: animated golf-club swing sequence, then death even
                t
 973C   0C2A    golf:
 9785   0C2A            CLOSE
 9785   0C2A            '----- revive=1: the pre-room snapshot becomes the revi
                ve point (see wilb)
 9785   0C2A            IF rvon = 1 AND doc = 0 AND rvSnap = 1 THEN rvArm = 1
 97F2   0C2A            OPEN "golf.pct" FOR INPUT AS #1
 97F2   0C2A            FOR i = 0 TO 125
 9810   0C2A                    IF EOF(1) THEN GOTO 10205
 9820   0C2A                    INPUT #1, wa(i), wb(i)
 9829   0C2A            NEXT
 988E   0C2A            10205 CLOSE
 988E   0C2A            OPEN "golf.msk" FOR INPUT AS #1
 988E   0C2A            FOR i = 0 TO 125
 98B8   0C2A                    IF EOF(1) THEN GOTO 10200
 98C8   0C2A                    INPUT #1, mwa(i), mwb(i)
 98D1   0C2A            NEXT
 9936   0C2A            '----- close the msk! it used to leak #1 open, which bl
                ew up any OPEN #1
 9936   0C2A            '----- before the next room load (e.g. the revive snaps
                hot right after)
 9936   0C2A            10200 CLOSE
 9936   0C2A            i = 150
 9936   0C2A    
 9936   0C2A            10210 CALL PStep(135, i, 0, f3, 1.2, 0, wa(), mwa(), wb
                (), mwb(), wbg(), ovf())
 99AD   0C36            i = i - 2
 99AD   0C36            CALL PStep(135, i, 1, f3, 1.2, 0, wa(), mwa(), wb(), mw
                b(), wbg(), ovf())
 9A17   0C42            i = i + -2
 9A17   0C42            IF i >= 135 THEN GOTO 10210
 9A3E   0C42            GET (135, 135)-(165, 165), wbg: PUT (135, 135), mwa, AN
                D: PUT (135, 135), wa, OR
 9A3E   0C42            IF sy$ <> "y" THEN GOTO 10400
 9AB2   0C42            sy$ = ""
 9AB2   0C42            PUT (135, 135), wbg, PSET: RETURN
 9AB2   0C42    
 9AB2   0C42            10400 i = 0
 9AE3   0C42            df$(i) = "death"
 9AE3   0C42            tt$ = "y"
 9AE3   0C42            PLAY "p10"
 9B2A   0C42            sl$ = "s"
 9B2A   0C42            SOUND f3, .2
 9B4F   0C42            SOUND f1, .5
 9B67   0C42            PLAY "p10"
                                                                      PAGE  44
                                                                      15 Sep 26
                                                                      18:43:54
Offset  Data    Source Line      Microsoft (R) QuickBASIC Compiler Version 4.50

 9B70   0C42            SOUND f3, .2
 9B88   0C42            SOUND f1, .5
 9BA0   0C42            GOTO gotoroom
 9BA0   0C42    
 9BA0   0C42    
 9BA0   0C42    '----- events: fire room-specific Wilbur / golf events by step 
                count
 9BA0   0C42    events:
 9BA3   0C42            '----- the lit-curtain endgame OWNS room4: the scripted
                 encounter (trigger),
 9BA3   0C42            '----- never a roamer, must meet the player there or th
                e ending breaks
 9BA3   0C42            IF q$ = "room4" AND ob(43) = 1 THEN GOTO 11570
 9BE8   0C42            IF doc <> 1 THEN GOTO 10840
 9BFE   0C42            10840 IF klon = 0 THEN GOTO 11570
 9C19   0C42            '----- which roamer owns this room at this step count: 
                table in GAME2
 9C19   0C42            '----- KillChk (64K ceiling); bit 1 = wilb, bit 2 = gol
                f, order preserved
 9C19   0C42            CALL KillChk(q$, INT(cl * cr), h9, t1, t2, t3, f3, kw%)
 9C56   0C48            IF (kw% AND 1) = 1 THEN GOSUB wilb
 9C6C   0C48            IF (kw% AND 2) = 2 THEN GOSUB golf
 9C82   0C48            11570 IF (INT(cl * cr)) <= 30 THEN GOTO 11580
 9CA9   0C48            ob(37) = 1
 9CA9   0C48            11580 RETURN
 9CC0   0C48    
 9CC0   0C48    '----- joystick poll: body in GAME2 (JoyPoll) -- GAME.BAS is at
                 the 64K ceiling
 9CC0   0C48    joy:
 9CCA   0C48            CALL JoyPoll(a$, vk$)
 9CDC   0C48            RETURN
 9CDC   0C48    
 9CDC   0C48    '----- enable joystick fire buttons
 9CDC   0C48    strigon:
 9CE1   0C48            IF jsen <> 1 THEN RETURN
 9D01   0C48            STRIG(0) ON
 9D01   0C48            STRIG(2) ON
 9D09   0C48            STRIG(4) ON
 9D12   0C48            STRIG(6) ON
 9D1B   0C48            RETURN
 9D1B   0C48    
 9D1B   0C48    '----- button: look
 9D1B   0C48    vlook:
 9D29   0C48            IF vk$ <> "l" THEN GOTO 12250
 9D40   0C48            GOTO vact
 9D40   0C48            12250 a$ = "l"
 9D43   0C48            vk$ = "l"
 9D43   0C48            RETURN
 9D43   0C48    
 9D43   0C48    '----- button: action
 9D43   0C48    vact:
 9D67   0C48            IF vk$ <> "a" THEN GOTO 12310
 9D7E   0C48            GOTO vget
 9D7E   0C48            12310 a$ = "a"
                                                                      PAGE  45
                                                                      15 Sep 26
                                                                      18:43:54
Offset  Data    Source Line      Microsoft (R) QuickBASIC Compiler Version 4.50

 9D81   0C48            vk$ = "a"
 9D81   0C48            RETURN
 9D81   0C48    
 9D81   0C48    '----- button: get
 9D81   0C48    vget:
 9DA5   0C48            IF vk$ <> "g" THEN GOTO 12370
 9DBC   0C48            GOTO vuse
 9DBC   0C48            12370 a$ = "g"
 9DBF   0C48            vk$ = "g"
 9DBF   0C48            RETURN
 9DBF   0C48    
 9DBF   0C48    '----- button: use
 9DBF   0C48    vuse:
 9DE3   0C48            IF vk$ <> "u" THEN GOTO 12430
 9DFA   0C48            GOTO strigoff
 9DFA   0C48            12430 a$ = "u"
 9DFD   0C48            vk$ = "u"
 9DFD   0C48            RETURN
 9DFD   0C48    
 9DFD   0C48    '----- disable joystick fire buttons
 9DFD   0C48    strigoff:
 9E21   0C48            FOR i = 0 TO 6 STEP 2
 9E2E   0C48                    STRIG(i) OFF
 9E2E   0C48            NEXT
 9E62   0C48            RETURN
 9E62   0C48    
 9E62   0C48    '----- initialise the mouse driver (INT 33h)
 9E62   0C48    mouseinit:
 9E67   0C48            IF msen <> 1 THEN RETURN
 9E87   0C48            '----- no mouse driver loaded? the INT 33h vector is 00
                00:0000 when none
 9E87   0C48            '      is present; CALL INTERRUPT would then jump into 
                the interrupt
 9E87   0C48            '      vector table and hang.  Bail out (disable the mo
                use) before calling.
 9E87   0C48            '      Test the 4 vector bytes directly -- PEEK()*256 w
                ould overflow INTEGER.
 9E87   0C48            DEF SEG = 0
 9E87   0C48            m33a = PEEK(&HCC): m33b = PEEK(&HCD): m33c = PEEK(&HCE)
                : m33d = PEEK(&HCF)
 9E87   0C48            DEF SEG
 9E87   0C48            IF m33a = 0 AND m33b = 0 AND m33c = 0 AND m33d = 0 THEN
                 msen = 0: RETURN
 9F7C   0C58            '----- ...and bail if the vector points to a bare IRET 
                stub (first byte
 9F7C   0C58            '      &HCF).  That is what is there with NO real drive
                r (e.g. after
 9F7C   0C58            '      exiting Win98 to MS-DOS mode); calling INT 33h o
                n it hangs.  A real
 9F7C   0C58            '      driver's handler starts with executable code (mo
                use.com begins with
 9F7C   0C58            '      a JMP, &HEB), never a bare IRET (&HCF) or a 0/de
                ad byte -- so this
 9F7C   0C58            '      tells a real driver from a dead leftover vector 
                                                                      PAGE  46
                                                                      15 Sep 26
                                                                      18:43:54
Offset  Data    Source Line      Microsoft (R) QuickBASIC Compiler Version 4.50

                (seen as &HCF on one
 9F7C   0C58            '      PC, 0 on another) without ever calling INT 33h.
 9F7C   0C58            m33ls& = m33c + m33d * 256&
 9F7C   0C58            m33lo& = m33a + m33b * 256&
 9F7C   0C58            IF m33ls& > 32767 THEN m33si = m33ls& - 65536 ELSE m33s
                i = m33ls&
 9FFF   0C64            IF m33lo& > 32767 THEN m33oi = m33lo& - 65536 ELSE m33o
                i = m33lo&
 A046   0C68            DEF SEG = m33si
 A046   0C68            m33fb = PEEK(m33oi)
 A046   0C68            DEF SEG
 A046   0C68            IF m33fb = &HCF OR m33fb = 0 THEN msen = 0: RETURN
 A0CC   0C6C            mreg.ax = 0
 A0CC   0C6C            CALL INTERRUPT(mvint, mreg, mout)
 A0E3   0C6C            IF mout.ax = 0 THEN msen = 0
 A0F9   0C6C            mlb = 0
 A0F9   0C6C            mrb = 0
 A0F9   0C6C            cdrawn = 0
 A0F9   0C6C            lmx = -1
 A0F9   0C6C            lmy = -1
 A0F9   0C6C            ' arow$(0) = "XXXXXXXX........"
 A0F9   0C6C            ' arow$(1) = "X0000000X......."
 A0F9   0C6C            ' arow$(2) = "X000XXXX........"
 A0F9   0C6C            ' arow$(3) = "X0000X.........."
 A0F9   0C6C            ' arow$(4) = "X0X000X........."
 A0F9   0C6C            ' arow$(5) = "X0XX000X........"
 A0F9   0C6C            ' arow$(6) = "X0X.X000X......."
 A0F9   0C6C            ' arow$(7) = "X0X..X000X......"
 A0F9   0C6C            ' arow$(8) = ".X....X0X......."
 A0F9   0C6C            ' arow$(9) = ".......X........"
 A0F9   0C6C            ' arow$(10) = "................"
 A0F9   0C6C            ' arow$(11) = "................"
 A0F9   0C6C            ' arow$(12) = "................"
 A0F9   0C6C            ' arow$(13) = "................"
 A0F9   0C6C            ' arow$(14) = "................"
 A0F9   0C6C            ' arow$(15) = "................"
 A0F9   0C6C    
 A0F9   0C6C            ' arow$(0) = "XXXXX..........."
 A0F9   0C6C            ' arow$(1) = "X000X..........."
 A0F9   0C6C            ' arow$(2) = "X00X............"
 A0F9   0C6C            ' arow$(3) = "X0X0X..........."
 A0F9   0C6C            ' arow$(4) = "XX.X0X.........."
 A0F9   0C6C            ' arow$(5) = "....X..........."
 A0F9   0C6C            ' arow$(6) = "................"
 A0F9   0C6C            ' arow$(7) = "................"
 A0F9   0C6C            ' arow$(8) = "................"
 A0F9   0C6C            ' arow$(9) = "................"
 A0F9   0C6C            ' arow$(10) = "................"
 A0F9   0C6C            ' arow$(11) = "................"
 A0F9   0C6C            ' arow$(12) = "................"
 A0F9   0C6C            ' arow$(13) = "................"
 A0F9   0C6C            ' arow$(14) = "................"
 A0F9   0C6C            ' arow$(15) = "................"
 A0F9   0C6C    
                                                                      PAGE  47
                                                                      15 Sep 26
                                                                      18:43:54
Offset  Data    Source Line      Microsoft (R) QuickBASIC Compiler Version 4.50

 A0F9   0C6C            cshp = 0
 A0F9   0C6C            hovr = 8
 A0F9   0C6C            '----- cursor pixel grids + builder: moved to GAME2 Cur
                sorPats (64K ceiling)
 A0F9   0C6C            CALL CursorPats(px(), py(), pc(), npix())
 A156   0C6C            RETURN
 A156   0C6C    
 A156   0C6C    '----- poll mouse: move cursor and read buttons
 A156   0C6C    mousepoll:
 A15B   0C6C            IF msen <> 1 THEN RETURN
 A17B   0C6C            mreg.ax = 3
 A17B   0C6C            CALL INTERRUPT(mvint, mreg, mout)
 A192   0C6C            nmx = mout.cx \ 2
 A192   0C6C            nmy = mout.dx
 A192   0C6C            IF nmx < 0 THEN nmx = 0
 A1B4   0C6C            IF nmx > 304 THEN nmx = 304
 A1C5   0C6C            IF nmy < 0 THEN nmy = 0
 A1D5   0C6C            IF nmy > 190 THEN nmy = 190
 A1E6   0C6C            IF nmx <> lmx OR nmy <> lmy THEN
 A1E6   0C6C                    lmx = nmx
 A1E6   0C6C                    lmy = nmy
 A1E6   0C6C                    mx = nmx
 A1E6   0C6C                    my = nmy
 A1E6   0C6C                    b = (mx \ 4) * 4 + 2
 A1E6   0C6C                    a = (my \ 4) * 4 + 2
 A1E6   0C6C                    IF b > 302 THEN b = 302
 A278   0C6C                    IF a < 10 THEN a = 10
 A29A   0C6C                    IF a > 190 THEN a = 190
 A2BC   0C6C                    GOSUB hovexit
 A2C4   0C6C            END IF
 A2C4   0C6C            IF mxyon = 1 THEN GOSUB mxytick
 A2E2   0C6C            IF cdrawn = 0 OR mx <> cox OR my <> coy THEN CALL erase
                cur: CALL drawcur
 A346   0C6C            IF (mout.bx AND 1) <> 0 AND mlb = 0 THEN a$ = "a": GOSU
                B msnap
 A389   0C6C            IF (mout.bx AND 2) <> 0 AND mrb = 0 THEN a$ = "l": GOSU
                B msnap
 A3CC   0C6C            mlb = (mout.bx AND 1)
 A3CC   0C6C            mrb = (mout.bx AND 2)
 A3CC   0C6C            RETURN
 A3CC   0C6C    
 A3CC   0C6C    '----- ksync: keyboard moved the hit point -> move the software
                 pointer to match
 A3CC   0C6C    '----- (mouse stays put, so mousepoll won't override until the 
                mouse is moved)
 A3CC   0C6C    ksync:
 A3F5   0C6C            mx = b
 A3F5   0C6C            my = a
 A3F5   0C6C            IF my > 190 THEN my = 190
 A422   0C6C            GOSUB hovexit
 A42A   0C6C            RETURN
 A42A   0C6C    
 A42A   0C6C    '----- synchit: re-derive the hit point from the cursor positio
                n (undo msnap's
                                                                      PAGE  48
                                                                      15 Sep 26
                                                                      18:43:54
Offset  Data    Source Line      Microsoft (R) QuickBASIC Compiler Version 4.50

 A42A   0C6C    '----- action-only snap, so a following keyboard nudge starts f
                rom the cursor, not the hotspot)
 A42A   0C6C    synchit:
 A42F   0C6C            b = (mx \ 4) * 4 + 2
 A42F   0C6C            a = (my \ 4) * 4 + 2
 A42F   0C6C            IF b > 302 THEN b = 302
 A48B   0C6C            IF a < 10 THEN a = 10
 A4AD   0C6C            IF a > 190 THEN a = 190
 A4CF   0C6C            RETURN
 A4CF   0C6C    
 A4CF   0C6C    
 A4CF   0C6C    
 A4CF   0C6C    '----- snap click to nearest hotspot within snr px (0 = off/exa
                ct)
 A4CF   0C6C    '----- VERB-AWARE: only weighs hotpoints whose object verb = a$
                , so a look-click snaps to
 A4CF   0C6C    '----- the nearest LOOK point, never a closer get/action point 
                that the action scan can't use
 A4CF   0C6C    '----- ABS box just prefilters; sdd<snd is the real test = a ci
                rcle of radius snr (Euclidean)
 A4CF   0C6C    '----- breaks at first oy=0 exactly like action, so it never sn
                aps to an entry action can't reach
 A4CF   0C6C    msnap:
 A4D4   0C6C            IF snr <= 0 THEN RETURN
 A4F4   0C6C            ' tie-break: a hotspot exactly under the cursor's own c
                ell wins over an expanded (snapped) neighbour
 A4F4   0C6C            FOR sni = 1 TO 257
 A4FC   0C6C                    IF oy(sni) = 0# THEN EXIT FOR
 A52C   0C70                    IF ox(sni) = b AND oy(sni) = a AND ky$(oi(sni))
                 = a$ THEN RETURN
 A5E2   0C70            NEXT
 A609   0C70            snd = snr * snr + 1
 A609   0C70            snx = -1
 A609   0C70            FOR sni = 1 TO 257
 A634   0C78                    IF oy(sni) = 0# THEN EXIT FOR
 A664   0C78                    sdx = mx - ox(sni)
 A664   0C78                    sdy = my - oy(sni)
 A664   0C78                    IF ky$(oi(sni)) = a$ AND ABS(sdx) <= snr AND AB
                S(sdy) <= snr THEN
 A664   0C78                            sdd = sdx * sdx + sdy * sdy
 A664   0C78                            IF sdd < snd THEN
 A664   0C78                                    snd = sdd
 A664   0C78                                    snx = ox(sni)
 A664   0C78                                    sny = oy(sni)
 A664   0C78                            END IF
 A7C1   0C88                    END IF
 A7C1   0C88            NEXT
 A7E8   0C88            IF snx >= 0 THEN b = snx: a = sny
 A816   0C88            RETURN
 A816   0C88    
 A816   0C88    '----- near a walkout exit? morph cursor to point the way the p
                layer leaves (exitcursor)
 A816   0C88    '----- reads tg$ direction (wn=up ws=down we=right ww=left); "e
                "+dir = arrow WITHOUT the
                                                                      PAGE  49
                                                                      15 Sep 26
                                                                      18:43:54
Offset  Data    Source Line      Microsoft (R) QuickBASIC Compiler Version 4.50

 A816   0C88    '----- edge walkout (stand-point exits, e.g. the room8 conceale
                d door); else NW arrow
 A816   0C88    hovexit:
 A81B   0C88            IF exsen <> 1 THEN RETURN
 A83B   0C88            newshp = 0
 A83B   0C88            hvdir$ = ""
 A83B   0C88            hvb = hovr * hovr + 1
 A83B   0C88            FOR hvi = 1 TO 257
 A872   0C94                    IF oy(hvi) = 0# THEN EXIT FOR
 A8A2   0C98                    hvo = CINT(oi(hvi))
 A8A2   0C98                    IF (LEFT$(tg$(hvo), 1) = "w" OR LEFT$(tg$(hvo),
                 1) = "e") AND (bs(hvo) = 0 OR ob(bs(hvo)) = 1) AND (cs(hvo) = 
                0 OR ob(cs(hvo)) = 0) THEN
 A8A2   0C98                            hvx = mx - ox(hvi)
 A8A2   0C98                            hvy = my - oy(hvi)
 A8A2   0C98                            IF ABS(hvx) <= hovr AND ABS(hvy) <= hov
                r THEN
 A8A2   0C98                                    hvd = hvx * hvx + hvy * hvy
 A8A2   0C98                                    IF hvd < hvb THEN hvb = hvd: hv
                dir$ = RIGHT$(tg$(hvo), 1)
 AB35   0CA8                            END IF
 AB35   0CA8                    END IF
 AB35   0CA8            NEXT
 AB5C   0CA8            IF hvb <= hovr * hovr THEN
 AB5C   0CA8                    IF hvdir$ = "n" THEN newshp = 1
 AB95   0CA8                    IF hvdir$ = "s" THEN newshp = 2
 ABB3   0CA8                    IF hvdir$ = "e" THEN newshp = 3
 ABD1   0CA8                    IF hvdir$ = "w" THEN newshp = 4
 ABEF   0CA8            END IF
 ABEF   0CA8            IF newshp = cshp THEN RETURN
 AC0A   0CA8            CALL erasecur
 AC0F   0CA8            cshp = newshp
 AC0F   0CA8            RETURN
 AC0F   0CA8    
 AC0F   0CA8    '----- AX=9 hardware-cursor shape code removed (software cursor
                 is used instead)
 AC0F   0CA8    
 AC0F   0CA8    '----- load object display names from object.pac
 AC0F   0CA8    loadnames:
 AC20   0CA8            CLOSE
 AC20   0CA8            OPEN "object.pac" FOR INPUT AS #1
 AC20   0CA8            FOR i = 1 TO 50
 AC4A   0CA8                    IF EOF(1) THEN GOTO 12580
 AC5A   0CA8                    INPUT #1, b, sn$(b), dn$(b)
 AC63   0CA8            NEXT
 ACDB   0CA8            12580 CLOSE
 ACDB   0CA8            RETURN
 ACDB   0CA8    
 ACDB   0CA8    
 ACDB   0CA8    '----- trigger room4 golf event
 ACDB   0CA8    trigger:
 ACED   0CA8            IF doc = 2 OR doc = 1 THEN RETURN
 AD30   0CA8            IF q$ = "room4" AND ob(43) = 1 THEN GOTO 13970
 AD70   0CA8            GOTO 14010
                                                                      PAGE  50
                                                                      15 Sep 26
                                                                      18:43:54
Offset  Data    Source Line      Microsoft (R) QuickBASIC Compiler Version 4.50

 AD70   0CA8            13970 sy$ = "y": GOSUB golf: PUT (135, 135), wa, XOR
 AD8D   0CA8            doc = 1: ti = TIMER
 AD8D   0CA8            RETURN
 AD8D   0CA8            14010 RETURN
 ADCE   0CA8    
 ADCE   0CA8            ti = TIMER
 ADCE   0CA8            doc = 1
 ADCE   0CA8            PRINT tmo
 ADCE   0CA8            PALETTE 1, 8
 ADCE   0CA8            PALETTE 2, 7
 ADCE   0CA8            PALETTE 3, 11
 ADCE   0CA8            KEY OFF
 AE2F   0CA8            14090 a$ = INKEY$
 AE37   0CA8            IF a$ <> "" THEN GOTO 14120
 AE5D   0CA8            GOTO 14090
 AE5D   0CA8            14120 GOTO 14250
 AE5F   0CA8            14250 CALL Credits(CINT(ob(43)))
 AE8D   0CAA    
 AE8D   0CAA    '----- endgame: roll credits, then quit or restart
 AE8D   0CAA    endgame:
 AE8D   0CAA            IF ob(43) <> 1 THEN GOTO 14290
 AEB3   0CAA            CALL Credits(CINT(ob(43))): SYSTEM
 AED4   0CAC            GOTO 14300
 AED4   0CAC            14290 CALL Credits(CINT(ob(43))): RUN
 AF02   0CAE            14300 SYSTEM
 AF0A   0CAE            PRINT ERL
 AF0A   0CAE            SYSTEM
 AF0A   0CAE    '----- fight: inject the mental patient or warn on failed comba
                t
 AF0A   0CAE    fight:
 AF25   0CAE            IF (a$ = "u" AND sel = 35) = 0 THEN GOTO 14360
 AF5F   0CAE            GOTO 14460
 AF5F   0CAE            IF (TIMER - ti) > 5 THEN GOSUB golf
 AF8A   0CAE    
 AF8A   0CAE            14360 IF a$ <> "u" THEN GOTO 14390
 AFA1   0CAE            LOCATE 1, 1
 AFA1   0CAE            PRINT "He sees what your trying do!                "
 AFA1   0CAE            14390 IF a$ <> "a" THEN GOTO 14420
 AFD1   0CAE            LOCATE 1, 1
 AFD1   0CAE            PRINT "Your no match for him in fair combat!       "
 AFD1   0CAE            14420 IF a$ <> "l" THEN GOTO 14450
 B001   0CAE            LOCATE 1, 1
 B001   0CAE            PRINT "The mental patient is preparing to kill you!"
 B001   0CAE            14450 RETURN
 B01A   0CAE    
 B01A   0CAE            '----- successful injection: patient crumbles
 B01A   0CAE            14460 SOUND f3, .2
 B041   0CAE            SOUND f1, .5
 B059   0CAE            SOUND 32676, 2
 B06A   0CAE            SOUND f3, .2
 B082   0CAE            SOUND f1, .5
 B09A   0CAE            doc = 2
 B09A   0CAE            rvArm = 0
 B09A   0CAE            LOCATE 1, 1
                                                                      PAGE  51
                                                                      15 Sep 26
                                                                      18:43:54
Offset  Data    Source Line      Microsoft (R) QuickBASIC Compiler Version 4.50

 B09A   0CAE            PRINT "You quickly inject him and he crumbles into a di
                storted heap. "
 B09A   0CAE            a$ = "n"
 B09A   0CAE            PUT (135, 135), wa, XOR
 B09A   0CAE            14570 RETURN
 B0F7   0CAE    
 B0F7   0CAE    '----- death: play death music, wait for key, then continue
 B0F7   0CAE    death:
 B101   0CAE            ti = TIMER
 B101   0CAE            CALL DeathMusic
 B11C   0CAE            '----- the press that skipped the dirge also ends the d
                eath screen --
 B11C   0CAE            '----- otherwise it looks like the game stalled until a
                 second press
 B11C   0CAE            IF mt = -1 THEN GOTO 14660
 B132   0CAE            14600 IF (TIMER - ti) <= tmo THEN GOTO 14620
 B157   0CAE            GOTO 14630
 B157   0CAE            14620 GOTO 14600
 B15A   0CAE            '----- key OR mouse click ends the death screen
 B15A   0CAE            14630 a$ = INKEY$
 B161   0CAE            IF a$ <> "" THEN GOTO 14660
 B187   0CAE            IF msen = 1 THEN
 B187   0CAE                    mreg.ax = 3: CALL INTERRUPT(mvint, mreg, mout)
 B1B4   0CAE                    IF (mout.bx AND 1) <> 0 THEN GOTO 14660
 B1C1   0CAE            END IF
 B1C1   0CAE            GOTO 14630
 B1C1   0CAE    
 B1C1   0CAE            14660 IF q$ <> "dindead" THEN GOTO 14700
 B1DA   0CAE            q$ = "death"
 B1DA   0CAE            GOSUB loadroom
 B1EF   0CAE            GOTO 14600
 B1EF   0CAE    
 B1EF   0CAE            '----- revive=1 with an armed snapshot (saverk): skip t
                he Load screen --
 B1EF   0CAE            '----- restore the snapshot, show the revive message, d
                rop back into play
 B1EF   0CAE            14700 IF rvon <> 1 OR rvArm <> 1 THEN GOTO 14710
 B230   0CAE            rvArm = 0: doc = 0
 B230   0CAE            CALL LoadGame(11)
 B257   0CB0            '----- the snapshot restores the clock too: the killer 
                STILL holds the room
 B257   0CB0            '----- that got you (killers block and redirect -- dyin
                g buys no passage);
 B257   0CB0            '----- the revive only spares the lost progress
 B257   0CB0            rvfd = 1: PALETTE 1, 0: PALETTE 2, 0: PALETTE 3, 0
 B257   0CB0            GOSUB loadroom
 B295   0CB0            IF tt$ <> "y" THEN a$ = lf$: lf$ = "": GOSUB face
 B2C9   0CB0            rvfd = 0
 B2C9   0CB0            CALL LoadFade(co, pa1, pa2, pa3)
 B2EA   0CB0            CALL ReviveShow(mvint, msen)
 B2F7   0CB0            GOSUB rmpal
 B2FF   0CB0            t0 = TIMER
 B2FF   0CB0            GOTO 14570
 B2FF   0CB0    
                                                                      PAGE  52
                                                                      15 Sep 26
                                                                      18:43:54
Offset  Data    Source Line      Microsoft (R) QuickBASIC Compiler Version 4.50

 B2FF   0CB0            '----- death: the LOAD screen first; Back opens the mai
                n menu (Save locked,
 B2FF   0CB0            '----- no resume) so New Game / Quit stay reachable
 B2FF   0CB0            14710 CALL SlotScreen(fontData(), mvint, msen, 2, 1, sl
                vAct)
 B341   0CB4            IF slvAct <> 1 THEN CALL MainMenu(fontData(), mvint, ms
                en, slvAct, 1)
 B36A   0CB6            IF slvAct = 2 THEN RUN
 B37C   0CB6            IF slvAct <> 1 THEN GOTO 14710
 B383   0CB6            rvArm = 0: rvSnap = 0: doc = 0
 B383   0CB6            rvfd = 1: PALETTE 1, 0: PALETTE 2, 0: PALETTE 3, 0
 B383   0CB6            GOSUB loadroom
 B3E5   0CB6            IF tt$ <> "y" THEN a$ = lf$: lf$ = "": GOSUB face
 B419   0CB6            rvfd = 0
 B419   0CB6            CALL LoadFade(co, pa1, pa2, pa3)
 B43A   0CB6            t0 = TIMER
 B43A   0CB6            GOTO 14570
 B43A   0CB6    
 B43A   0CB6    '----- burn: flickering fire animation until a key is pressed
 B43A   0CB6    burn:
 B44E   0CB6            '----- house-fire flicker + restart: body in GAME4 Burn
                Show (64K ceiling)
 B44E   0CB6            CALL BurnShow
 B458   0CB6            RUN
 B458   0CB6            GOTO 16750
 B458   0CB6            16750 GOTO 18680
 B463   0CB6            18680 END
 B46B   0CB6    
 B46B   0CB6    REM $STATIC
 B46B   0CB6    
 B46B   0CB6    '----- Credits / ending sequence: moved to GAME3 (64K ceiling);
                 gd% = ob(43)
 B46B   0CB6    '----- (1 = the house-burns good ending, else the bad "uncle no
                t saved" screen)
 B46B   0CB6    
 B46B   0CB6    '----- DeathMusic moved to GAME2.BAS (multi-module split)
 B46B   0CB6    
 B46B   0CB6    
 B46B   0CB6    '----- InitVars: set up global constants
 B46B   0CB6    SUB InitVars
 B480   0CB6            f1 = 50: f2 = 500: f3 = 100: f4 = 200: f5 = 1000: f8 = 
                700
 B480   0CB6            f6 = 300: f7 = 450: f10 = 75
 B480   0CB6            pk = 1047
 B480   0CB6            jx = 150: jy = 156
 B480   0CB6            f9 = 10000
 B480   0CB6            cr = 1 / 60: cl = 0: h9 = 59: h10 = 119: h11 = 179
 B480   0CB6            t1 = 65: t2 = 74: t3 = 88: gw = 71
 B480   0CB6    END SUB
 B590   0CB6    SUB Intro
 B59B   0CB6    
 B59B   0CB6            '----- screen + key setup
 B59B   0CB6            SCREEN 1
 B59B   0CB6            RANDOMIZE 0#
                                                                      PAGE  53
                                                                      15 Sep 26
                                                                      18:43:54
Offset  Data    Source Line      Microsoft (R) QuickBASIC Compiler Version 4.50

 B59B   0CB6            ifc = 0
 B59B   0CB6            itt = 0
 B59B   0CB6            it0 = TIMER
 B59B   0CB6            KEY 16, CHR$(0) + CHR$(1)
 B5E5   0CB6            KEY(16) ON
 B607   0CB6            '----- carr black-out / 1s hold / load / reveal moved t
                o introShowCarr (GAME3), called below
 B607   0CB6            KEY OFF
 B610   0CB6            KEY 16, CHR$(0) + CHR$(1)
 B618   0CB6            KEY(16) ON
 B63A   0CB6    
 B63A   0CB6            '----- buffers + load car image
 B63A   0CB6            DIM ec(1000) AS INTEGER
 B65B   0CB6            DIM r1(130) AS INTEGER
 B673   0CB6            DIM r2(130) AS INTEGER
 B68B   0CB6            DIM mr1(130) AS INTEGER
 B6A3   0CB6            DIM mr2(130) AS INTEGER
 B6BB   0CB6            DIM rbg(130) AS INTEGER
 B6D3   0CB6            CALL introShowCarr
 B6D8   0CB6            cy = 133
 B6D8   0CB6            GET (8, 133)-(105, 175), ec
 B6D8   0CB6            PUT (8, 133), ec, XOR
 B6D8   0CB6            LINE (8, 155)-(105, 145), 3
 B6D8   0CB6            LINE (75, 175)-(120, 170), 3
 B6D8   0CB6    
 B6D8   0CB6            FOR n = 1 TO 2
 B788   0CB6                    SOUND 32676, 1
 B799   0CB6            NEXT
 B7BA   0CB6    
 B7BA   0CB6            '----- drive car across screen
 B7BA   0CB6            FOR cx = 8 TO 220 STEP 4
 B7C2   0CB6                    cy = cy - .5
 B7C2   0CB6                    ifc = ifc + 1
 B7C2   0CB6                    PUT (cx, cy), ec, XOR
 B7C2   0CB6                    GOSUB 17070
 B80F   0CB6                    PUT (cx, cy), ec, XOR
 B80F   0CB6            NEXT
 B85B   0CB6            GOTO 17160
 B85B   0CB6    
 B85B   0CB6            '----- engine sweep tone
 B85B   0CB6            17070 tc = 50
 B85E   0CB6            17080 SOUND tc, .06
 B88C   0CB6            SOUND f3, .06
 B8A4   0CB6            k$ = INKEY$
 B8A4   0CB6            IF (k$) <> "s" THEN GOTO 17130
 B8C7   0CB6            GOTO 18640
 B8C7   0CB6            17130 tc = tc + 18
 B8CA   0CB6            IF tc <= 200 THEN GOTO 17080
 B8F6   0CB6            RETURN
 B8F6   0CB6    
 B8F6   0CB6            '----- pause then hill scene
 B8F6   0CB6            17160 GOTO 17180
 B8FB   0CB6            17170 tc = tc + 1
 B903   0CB6            IF INKEY$ = "s" THEN GOTO 18640
                                                                      PAGE  54
                                                                      15 Sep 26
                                                                      18:43:54
Offset  Data    Source Line      Microsoft (R) QuickBASIC Compiler Version 4.50

 B92D   0CB6            17180 IF tc <= 500 THEN GOTO 17170
 B945   0CB6            DEF SEG = &HB800: BLOAD "hill.pic", 0: DEF SEG
 B945   0CB6            PALETTE 2, 11
 B945   0CB6            PALETTE 3, 3
 B945   0CB6            KEY OFF
 B981   0CB6            tc = 0#
 B981   0CB6    
 B981   0CB6            '----- lightning flashes
 B981   0CB6            FOR n = 1 TO 35
 B99E   0CB6                    ifc = ifc + 1
 B99E   0CB6                    GOSUB 17070
 B9B7   0CB6                    IF RND <= .8 THEN GOTO 17310
 B9D2   0CB6                    COLOR 15
 B9D2   0CB6                    tc = 1
 B9D2   0CB6            17280 SOUND 32676, .04
 BA05   0CB6                    tc = tc + 1
 BA05   0CB6                    IF tc <= 2 THEN GOTO 17280
 BA29   0CB6            17310 COLOR 0
 BA29   0CB6            NEXT
 BA62   0CB6    
 BA62   0CB6            '----- descending thunder
 BA62   0CB6            tc = 200
 BA62   0CB6            17340 SOUND tc, .1: SOUND f10, .1: SOUND 32676, 1
 BAB4   0CB6            tc = tc - 10
 BAB4   0CB6            IF INKEY$ = "s" THEN GOTO 18640
 BAD9   0CB6            IF tc >= 50 THEN GOTO 17340
 BAEC   0CB6            COLOR 15
 BAEC   0CB6            COLOR 0
 BAEC   0CB6            tc = 1
 BAEC   0CB6            17420 tc = tc + 1
 BB19   0CB6            IF INKEY$ = "s" THEN GOTO 18640
 BB43   0CB6            IF tc <= 500 THEN GOTO 17420
 BB56   0CB6    
 BB56   0CB6            '----- second descending tone
 BB56   0CB6            tc = 200
 BB56   0CB6            17450 SOUND tc, .1
 BB7F   0CB6            SOUND f1, .2
 BB97   0CB6            tc = tc - 30
 BB97   0CB6            IF INKEY$ = "s" THEN GOTO 18640
 BBBC   0CB6            IF tc >= 50 THEN GOTO 17450
 BBCF   0CB6            SOUND f6, .1
 BBE7   0CB6            GOTO 17510
 BBE7   0CB6            17510 tc = tc + 1
 BBEA   0CB6            IF INKEY$ = "s" THEN GOTO 18640
 BC14   0CB6            IF tc <= 1000 THEN GOTO 17510
 BC27   0CB6    
 BC27   0CB6            '----- enter house scene
 BC27   0CB6            PALETTE 1, 8
 BC27   0CB6            PALETTE 2, 1
 BC27   0CB6            PALETTE 3, 6
 BC27   0CB6            KEY OFF
 BC54   0CB6            DEF SEG = &HB800: BLOAD "enter.pic", 0: DEF SEG
 BC54   0CB6            GOSUB 18310
 BC82   0CB6            IF it0 >= 0 THEN itt = itt + (TIMER - it0): it0 = -1
                                                                      PAGE  55
                                                                      15 Sep 26
                                                                      18:43:54
Offset  Data    Source Line      Microsoft (R) QuickBASIC Compiler Version 4.50

 BCBF   0CB6            GOTO 17780
 BCBF   0CB6    
 BCBF   0CB6            '----- talk scene
 BCBF   0CB6            17590 KEY OFF
 BCC7   0CB6            PALETTE 1, 12
 BCC7   0CB6            PALETTE 2, 6
 BCC7   0CB6            PALETTE 3, 8
 BCC7   0CB6            DEF SEG = &HB800: BLOAD "talk.pic", 0: DEF SEG
 BCC7   0CB6            k$ = INKEY$
 BCC7   0CB6            17640 GOSUB 17850
 BD37   0CB6            SOUND 32576, INT(RND * 9)
 BD60   0CB6            k$ = INKEY$
 BD60   0CB6            IF k$ = "s" THEN skp = 1: RETURN
 BD94   0CB6            IF (k$) <> "" THEN GOTO 17690
 BDA7   0CB6            GOTO 17640
 BDA7   0CB6            GOTO 17780
 BDA7   0CB6    
 BDA7   0CB6            '----- restore enter scene after talk
 BDA7   0CB6            17690 FOR n = 1 TO 24
 BDBA   0CB6                    LOCATE 25, 1
 BDBA   0CB6                    PRINT " "
 BDBA   0CB6            NEXT
 BDFA   0CB6            KEY OFF
 BDFA   0CB6            PALETTE 1, 8
 BDFA   0CB6            PALETTE 2, 1
 BDFA   0CB6            PALETTE 3, 6
 BDFA   0CB6            DEF SEG = &HB800: BLOAD "enter.pic", 0: DEF SEG
 BDFA   0CB6            DEF SEG
 BDFA   0CB6            RETURN
 BDFA   0CB6    
 BDFA   0CB6            '----- title screen
 BDFA   0CB6            17780 PALETTE 2, 9
 BE57   0CB6            PALETTE 1, 11
 BE57   0CB6            PALETTE 3, 1
 BE57   0CB6            KEY OFF
 BE89   0CB6            DEF SEG = &HB800: BLOAD "title.pic", 0: DEF SEG
 BE89   0CB6            GOSUB 18200
 BEB7   0CB6            SOUND 32676, 1
 BEC8   0CB6            GOTO 18640
 BEC8   0CB6    
 BEC8   0CB6            '----- speech warble tone
 BEC8   0CB6            17850 tw = 50
 BECB   0CB6            17860 SOUND f3, .05
 BEF9   0CB6            SOUND tw, .05
 BF11   0CB6            SOUND (450 - tw) / 2, .05
 BF33   0CB6            tw = tw + 10
 BF33   0CB6            IF tw <= 250 THEN GOTO 17860
 BF57   0CB6            RETURN
 BF57   0CB6            IF tf <> 1 THEN GOTO 17930
 BF72   0CB6            17930 k$ = INKEY$
 BF72   0CB6            IF (k$) <> "s" THEN GOTO 17960
 BF9A   0CB6            GOTO 18640
 BF9A   0CB6            17960 SOUND 32576, INT(RND * 9)
 BFCB   0CB6            tn = tn + 1
                                                                      PAGE  56
                                                                      15 Sep 26
                                                                      18:43:54
Offset  Data    Source Line      Microsoft (R) QuickBASIC Compiler Version 4.50

 BFCB   0CB6            IF (INT(RND * 4) + 2) <= tn THEN GOTO 18010
 C008   0CB6            GOTO 17850
 C008   0CB6            18010
 C00B   0CB6            GOTO 18160
 C00B   0CB6    
 C00B   0CB6            '----- palette cycle on exit
 C00B   0CB6            18030 GOTO 18140
 C013   0CB6            18040 FOR n = 1 TO 1000
 C028   0CB6            NEXT
 C049   0CB6            IF tc <> 1 THEN GOTO 18080
 C05F   0CB6            PALETTE pi, 15
 C05F   0CB6            18080 IF tc <> 2 THEN GOTO 18100
 C090   0CB6            PALETTE pi, 7
 C090   0CB6            18100 IF tc <> 3 THEN GOTO 18120
 C0C1   0CB6            PALETTE pi, 8
 C0C1   0CB6            18120 IF tc <> 4 THEN GOTO 18140
 C0F2   0CB6            PALETTE pi, 0
 C0F2   0CB6            18140 pi = pi + 1
 C107   0CB6            IF pi <= 3 THEN GOTO 18040
 C133   0CB6            18160 tc = tc + 1
 C133   0CB6            IF tc <= 4 THEN GOTO 18030
 C15F   0CB6            SCREEN 0
 C15F   0CB6            SYSTEM
 C15F   0CB6    
 C15F   0CB6            '----- title music: "Dark Visions Theme" (original comp
                osition, D minor;
 C15F   0CB6            '----- replaced Gounod's Funeral March of a Marionette 
                / Hitchcock theme).
 C15F   0CB6            '----- Trailing o0 restores the octave state the old bl
                ock left, since later
 C15F   0CB6            '----- jingles use relative <>'s from wherever the titl
                e music ended.
 C15F   0CB6            18200 KEY 16, CHR$(0) + CHR$(1)
 C179   0CB6            KEY(16) ON
 C19B   0CB6            PLAY "t120o2d4f8a8g+2g4f8e8c+4d4"
 C1AD   0CB6            IF INKEY$ = "s" THEN GOTO 18640
 C1C1   0CB6            PLAY "o2d4f8a8b-2a4g8f8e4c+4"
 C1CA   0CB6            IF INKEY$ = "s" THEN GOTO 18640
 C1DE   0CB6            PLAY "o3d4f8a8g+2g4f8e8c+4d4"
 C1E7   0CB6            IF INKEY$ = "s" THEN GOTO 18640
 C1FB   0CB6            PLAY "o3d4f8a8b-2a4g8f8e8d8c+4"
 C204   0CB6            IF INKEY$ = "s" THEN GOTO 18640
 C218   0CB6            PLAY "o3b-2a4g4f2e4d4"
 C221   0CB6            IF INKEY$ = "s" THEN GOTO 18640
 C235   0CB6            PLAY "o3c+4e4g4b-4a2g+2"
 C23E   0CB6            IF INKEY$ = "s" THEN GOTO 18640
 C252   0CB6            PLAY "o2d4f8e8e-8d8c+8d8o1a2o2d1o0"
 C25B   0CB6            RETURN
 C25B   0CB6    
 C25B   0CB6            '----- animate Joe walking + dialogue
 C25B   0CB6            18310 CLOSE
 C260   0CB6            w$ = "joew2"
 C260   0CB6            OPEN (w$) + ".pct" FOR INPUT AS #1
 C260   0CB6            tc = 0
                                                                      PAGE  57
                                                                      15 Sep 26
                                                                      18:43:54
Offset  Data    Source Line      Microsoft (R) QuickBASIC Compiler Version 4.50

 C260   0CB6            18370 INPUT #1, r1(tc), r2(tc)
 C2B5   0CB6            tc = tc + 1
 C2B5   0CB6            IF tc <= 125 THEN GOTO 18370
 C31A   0CB6            CLOSE
 C31A   0CB6            OPEN (w$) + ".msk" FOR INPUT AS #1
 C31A   0CB6            tc = 0
 C31A   0CB6            18375 INPUT #1, mr1(tc), mr2(tc)
 C35C   0CB6            tc = tc + 1
 C35C   0CB6            IF tc <= 125 THEN GOTO 18375
 C3C1   0CB6            CLOSE
 C3C1   0CB6            wc = wc + 1
 C3C1   0CB6            tc = 150
 C3C1   0CB6            18420 GET (143, tc)-(173, tc + 30), rbg: PUT (143, tc),
                 mr1, AND: PUT (143, tc), r1, OR
 C3E6   0CB6            IF INKEY$ = "s" THEN GOTO 18640
 C493   0CB6            IF it0 >= 0 THEN ifc = ifc + 1
 C4BA   0CB6            GOSUB 17850
 C4C2   0CB6    
 C4C2   0CB6            FOR n = 1 TO 2
 C4CA   0CB6                    SOUND 32676, .3
 C4DB   0CB6            NEXT
 C4FC   0CB6            PUT (143, tc), rbg, PSET
 C4FC   0CB6            IF tc <> 130 THEN GOTO 18530
 C53A   0CB6    
 C53A   0CB6            FOR n = 1 TO 10000
 C542   0CB6            NEXT
 C563   0CB6            tf = 0#
 C563   0CB6            IF it0 >= 0 THEN itt = itt + (TIMER - it0): it0 = -1: G
                OSUB introlog
 C5B4   0CB6            GOSUB 17590
 C5BC   0CB6            IF skp = 1 THEN GOTO 18640
 C5D2   0CB6            18530 tf = 1
 C5D2   0CB6            tc = tc - 2
 C5D2   0CB6            GET (143, tc)-(173, tc + 30), rbg: PUT (143, tc), mr2, 
                AND: PUT (143, tc), r2, OR
 C5D2   0CB6            IF INKEY$ = "s" THEN GOTO 18640
 C69C   0CB6            IF it0 >= 0 THEN ifc = ifc + 1
 C6C3   0CB6            GOSUB 17850
 C6CB   0CB6    
 C6CB   0CB6            FOR n = 1 TO 2
 C6D4   0CB6                    SOUND 32676, .3
 C6E5   0CB6            NEXT
 C706   0CB6            PUT (143, tc), rbg, PSET
 C706   0CB6            tc = tc - 2
 C706   0CB6            IF tc >= 116 THEN GOTO 18420
 C755   0CB6            RETURN
 C755   0CB6    
 C755   0CB6            '----- skip / cleanup exit
 C755   0CB6            18640 IF it0 >= 0 THEN itt = itt + (TIMER - it0): it0 =
                 -1: GOSUB introlog
 C7A4   0CB6            it0 = -1
 C7A4   0CB6            ERASE ec
 C7B9   0CB6            ERASE r1
 C7C2   0CB6            ERASE r2
                                                                      PAGE  58
                                                                      15 Sep 26
                                                                      18:43:54
Offset  Data    Source Line      Microsoft (R) QuickBASIC Compiler Version 4.50

 C7CB   0CB6            ERASE mr1
 C7D4   0CB6            ERASE mr2
 C7DD   0CB6            ERASE rbg
 C7E6   0CB6            EXIT SUB
 C7E6   0CB6    
 C7E6   0CB6            '----- write intro frame/time log
 C7E6   0CB6    introlog:
 C7E9   0CB6            IF sfps <> 1 THEN RETURN
 C809   0CB6            OPEN "intro.log" FOR APPEND AS #2
 C809   0CB6            PRINT #2, ifc; itt
 C809   0CB6            CLOSE #2
 C809   0CB6            RETURN
 C809   0CB6    
 C809   0CB6    END SUB
 C8A5   0CB6    
 C8A5   0CB6    
 C8A5   0CB6    '----- LoadConfig moved to GAME2.BAS (multi-module split)
 C8A5   0CB6    
 C8A5   0CB6    
 C8A5   0CB6    '----- compute and print percent of game completed
 C8A5   0CB6    '----- (PctComplete removed: legacy % display, only the retired
                 inv: clock used it)
 C8A5   0CB6    
 C8A5   0CB6    '----- Snd1-Snd5 moved to GAME2.BAS (multi-module split)
 C8A5   0CB6    
 C8A5   0CB6    '----- (no diagnostic tracer in release builds)
 C8A5   0CB6    
 C8A5   0CB6    
 C8A5   0CB6    SUB drawcur
 C8B0   0CB6            GET (mx, my)-(mx + 15, my + 9), curbuf
 C8B0   0CB6            FOR mi = 0 TO npix(cshp) - 1
 C912   0CB6                    PSET (mx + px(cshp, mi), my + py(cshp, mi)), pc
                (cshp, mi)
 C912   0CB6            NEXT
 C9F3   0CB6            cox = mx: coy = my: cdrawn = 1
 C9F3   0CB6    END SUB
 CA25   0CB6    
 CA25   0CB6    SUB erasecur
 CA30   0CB6            IF cdrawn = 1 THEN PUT (cox, coy), curbuf, PSET
 CA70   0CB6            cdrawn = 0
 CA70   0CB6    END SUB
 CA84   0CB6    
 CA84   0CB6    SUB invhi
 CA8F   0CB6            SCREEN 1
 CA8F   0CB6            PALETTE 1, 0: PALETTE 2, 0: PALETTE 3, 0
 CA8F   0CB6            CLS
 CA8F   0CB6            tst = 330: ist = 245
 CA8F   0CB6            FOR ivi = 1 TO 30: tix(ivi) = ivi - 1: NEXT
 CB3A   0CB6            tix(49) = 30: tix(36) = 31: tix(34) = 32: tix(35) = 33
 CB3A   0CB6            '----- the unreadable formula (52, combine step 1) has 
                its own tile 37
 CB3A   0CB6            '----- (INVTIL2/INVMSK2 slot 16; art = the complete-for
                mula icon relabeled)
 CB3A   0CB6            tix(52) = 37
                                                                      PAGE  59
                                                                      15 Sep 26
                                                                      18:43:54
Offset  Data    Source Line      Microsoft (R) QuickBASIC Compiler Version 4.50

 CB3A   0CB6            '----- the pulley (62, room12) = tile 38 (INVTIL2/INVMS
                K2 slot 17)
 CB3A   0CB6            tix(62) = 38
 CB3A   0CB6            '----- load keep-masks -> kmarr, then tiles -> tilarr (
                full) + iconarr (tile AND keepmask = frameless item)
 CB3A   0CB6            DEF SEG = -18432
 CB3A   0CB6            BLOAD "INVMSK1.PIC", 0
 CB3A   0CB6            DEF SEG
 CB3A   0CB6            FOR ivk = 0 TO 20
 CBB8   0CB6                    ivc = ivk MOD 7: ivr = ivk \ 7
 CBB8   0CB6                    GET (ivc * 45, ivr * 54)-(ivc * 45 + 44, ivr * 
                54 + 39), kmarr(ivk * ist)
 CBB8   0CB6            NEXT
 CCA0   0CB6            DEF SEG = -18432
 CCA0   0CB6            BLOAD "INVTIL1.PIC", 0
 CCA0   0CB6            DEF SEG
 CCA0   0CB6            FOR ivk = 0 TO 20
 CCC6   0CB6                    ivc = ivk MOD 7: ivr = ivk \ 7
 CCC6   0CB6                    GET (ivc * 45, ivr * 54)-(ivc * 45 + 44, ivr * 
                54 + 53), tilarr(ivk * tst)
 CCC6   0CB6                    PUT (ivc * 45, ivr * 54), kmarr(ivk * ist), AND
 CCC6   0CB6                    GET (ivc * 45, ivr * 54)-(ivc * 45 + 44, ivr * 
                54 + 39), iconarr(ivk * ist)
 CCC6   0CB6            NEXT
 CE81   0CB6            DEF SEG = -18432
 CE81   0CB6            BLOAD "INVMSK2.PIC", 0
 CE81   0CB6            DEF SEG
 CE81   0CB6            FOR ivk = 21 TO 38
 CEA8   0CB6                    '----- slot 15 (ivk 36) is the ring AND-mask ti
                le, no keep-mask
 CEA8   0CB6                    IF ivk <> 36 THEN ivj = ivk - 21: ivc = ivj MOD
                 7: ivr = ivj \ 7: GET (ivc * 45, ivr * 54)-(ivc * 45 + 44, ivr
                 * 54 + 39), kmarr(ivk * ist)
 CF90   0CB6            NEXT
 CFB4   0CB6            DEF SEG = -18432
 CFB4   0CB6            BLOAD "INVTIL2.PIC", 0
 CFB4   0CB6            DEF SEG
 CFB4   0CB6            FOR ivk = 21 TO 38
 CFDA   0CB6                    ivj = ivk - 21: ivc = ivj MOD 7: ivr = ivj \ 7
 CFDA   0CB6                    GET (ivc * 45, ivr * 54)-(ivc * 45 + 44, ivr * 
                54 + 53), tilarr(ivk * tst)
 CFDA   0CB6                    IF ivk <> 36 THEN PUT (ivc * 45, ivr * 54), kma
                rr(ivk * ist), AND: GET (ivc * 45, ivr * 54)-(ivc * 45 + 44, iv
                r * 54 + 39), iconarr(ivk * ist)
 D195   0CB6            NEXT
 D1B9   0CB6            '----- derive AND-screen masks in place: kmarr = NOT ke
                epmask (PRESET draws NOT), for the drag sprite (36 = ring mask,
                 skip)
 D1B9   0CB6            FOR ivk = 0 TO 38
 D1C2   0CB6                    IF ivk <> 36 THEN PUT (0, 0), kmarr(ivk * ist),
                 PRESET: GET (0, 0)-(44, 39), kmarr(ivk * ist)
 D23B   0CB6            NEXT
 D25F   0CB6            '----- build the carried-item list (newest-first)
 D25F   0CB6            GOSUB cibuild
                                                                      PAGE  60
                                                                      15 Sep 26
                                                                      18:43:54
Offset  Data    Source Line      Microsoft (R) QuickBASIC Compiler Version 4.50

 D267   0CB6            '----- load the single background; GET both panels, era
                se the Info template
 D267   0CB6            DEF SEG = -18432
 D267   0CB6            BLOAD "INVMAIN.PIC", 0
 D267   0CB6            DEF SEG
 D267   0CB6            '----- save/load + quit moved to the ESC menu -- blank 
                both old buttons
 D267   0CB6            '----- (quit still works via the q key)
 D267   0CB6            LINE (186, 162)-(266, 185), 0, BF
 D267   0CB6            LINE (8, 162)-(100, 185), 0, BF
 D267   0CB6            REDIM combuf(800), infobuf(800), modalbuf(500), combtn(
                80), exmico(40)
 D351   0CB6            GET (29, 129)-(85, 144), combtn
 D351   0CB6            LINE (29, 129)-(85, 144), 0, BF
 D351   0CB6            GET (182, 40)-(199, 58), exmico
 D351   0CB6            LINE (182, 40)-(199, 58), 0, BF
 D351   0CB6            GET (279, 21)-(283, 25), starr
 D351   0CB6            LINE (279, 21)-(283, 25), 0, BF
 D351   0CB6            GET (10, 27)-(104, 151), combuf
 D351   0CB6            GET (108, 27)-(202, 151), infobuf
 D351   0CB6            GET (210, 34)-(297, 73), modalbuf
 D351   0CB6            LINE (8, 27)-(202, 151), 0, BF
 D351   0CB6            LINE (210, 34)-(297, 73), 0, BF
 D351   0CB6            invtab = 0
 D351   0CB6            isel = 0: ivscr = 0: cbot = 0: cdrg = 0: crec = 0
 D351   0CB6            nvz = 0: nvb = 0
 D351   0CB6            ivmax = (cic + 3) \ 4 - 2: IF ivmax < 0 THEN ivmax = 0
 D5CB   0CB6            '----- reselect the item picked last time (GAME2 InvReS
                el; the grid can shift)
 D5CB   0CB6            CALL InvReSel(cilist(), cic, lvsel, isel, ivscr, ivmax)
 D5EC   0CB6            mlb = 0
 D5EC   0CB6            IF msen = 1 THEN cshp = 0: mx = 160: my = 100: cdrawn =
                 0: mreg.ax = &H11: CALL INTERRUPT(mvint, mreg, mout)
 D649   0CB6            GOSUB invdraw
 D651   0CB6            IF msen = 1 THEN CALL drawcur
 D66C   0CB6            PALETTE 1, 6: PALETTE 2, 7: PALETTE 3, 8
 D66C   0CB6            invwait:
 D699   0CB6            IF msen = 1 THEN
 D699   0CB6                    mreg.ax = 3: CALL INTERRUPT(mvint, mreg, mout)
 D6CB   0CB6                    nmx = mout.cx \ 2: nmy = mout.dx: ivwh = mout.b
                x \ 256
 D6CB   0CB6                    IF nmx > 304 THEN nmx = 304 ELSE IF nmx < 0 THE
                N nmx = 0
 D716   0CB6                    IF nmy > 190 THEN nmy = 190 ELSE IF nmy < 0 THE
                N nmy = 0
 D73A   0CB6                    IF nmx <> mx OR nmy <> my THEN IF cdrg = 1 THEN
                 GOSUB dragmove ELSE CALL erasecur: mx = nmx: my = nmy: CALL dr
                awcur
 D794   0CB6                    IF ivwh <> 0 THEN ivns = ivscr + SGN(ivwh): GOS
                UB invss
 D7CA   0CB6                    IF (mout.bx AND 1) <> 0 AND mx >= 299 AND my >=
                 37 AND my <= 145 THEN ivns = (my - 37 - ivth \ 2) * ivmax \ (1
                08 - ivth): GOSUB invss
 D87B   0CB6                    IF (mout.bx AND 1) <> 0 AND mlb = 0 THEN
                                                                      PAGE  61
                                                                      15 Sep 26
                                                                      18:43:54
Offset  Data    Source Line      Microsoft (R) QuickBASIC Compiler Version 4.50

 D87B   0CB6                            IF my >= 28 AND my <= 42 AND mx >= 14 A
                ND mx <= 52 AND invtab <> 0 THEN invtab = 0: GOSUB invredraw
 D90F   0CB6                            IF my >= 28 AND my <= 42 AND mx >= 53 A
                ND mx <= 98 AND invtab <> 1 THEN invtab = 1: GOSUB invredraw
 D975   0CB6                            IF exf = 1 AND mx >= 84 AND mx <= 101 A
                ND my >= 43 AND my <= 58 THEN GOSUB doexam
 D9CF   0CB6                            IF mx >= 275 AND mx <= 312 AND my >= 16
                4 AND my <= 183 THEN GOTO invdone
 DA0C   0CB6                            IF mx >= 299 AND my >= 28 AND my <= 36 
                THEN ivns = ivscr - 1: GOSUB invss
 DA52   0CB6                            IF mx >= 299 AND my >= 146 AND my <= 15
                4 THEN ivns = ivscr + 1: GOSUB invss
 DA9A   0CB6                            IF invtab = 1 AND crec > 0 AND mx >= 32
                 AND mx <= 81 AND my >= 129 AND my <= 143 THEN GOSUB combdo
 DB11   0CB6                            IF mx >= 112 AND mx <= 297 AND my >= 31
                 AND my <= 140 THEN
 DB11   0CB6                                    nsel = ivscr * 4 + ((my - 31) \
                 56) * 4 + (mx - 112) \ 47
 DB11   0CB6                                    IF nsel < cic THEN
 DB11   0CB6                                            IF invtab = 1 AND nsel 
                <> isel THEN
 DB11   0CB6                                                    cdi = cilist(ns
                el): GOSUB dragstart
 DC06   0CB6                                            ELSEIF invtab <> 1 THEN
 DC09   0CB6                                                    isel = nsel: GO
                SUB invredraw
 DC33   0CB6                                            END IF
 DC33   0CB6                                    END IF
 DC33   0CB6                            END IF
 DC33   0CB6                    END IF
 DC33   0CB6                    IF (mout.bx AND 1) = 0 AND mlb <> 0 AND cdrg = 
                1 THEN
 DC33   0CB6                            cdrg = 0
 DC33   0CB6                            PUT (dgx, dgy), dsav, PSET
 DC33   0CB6                            IF mx <= 104 THEN
 DC33   0CB6                                    cbot = cdi: GOSUB invredraw
 DCD0   0CB6                            ELSEIF mx >= 112 AND mx <= 297 AND my >
                = 31 AND my <= 140 THEN
 DCD3   0CB6                                    nsel = ivscr * 4 + ((my - 31) \
                 56) * 4 + (mx - 112) \ 47
 DCD3   0CB6                                    IF nsel < cic THEN isel = nsel:
                 GOSUB invredraw
 DD75   0CB6                            END IF
 DD75   0CB6                    END IF
 DD75   0CB6                    mlb = (mout.bx AND 1)
 DD75   0CB6            END IF
 DD87   0CB6            ivk$ = INKEY$
 DD87   0CB6            IF ivk$ = CHR$(27) OR ivk$ = "x" OR ivk$ = "i" THEN GOT
                O invdone
 DDF4   0CB6            IF ivk$ = "q" OR ivk$ = "Q" THEN GOSUB doquit: mlb = 1:
                 GOTO invwait
 DE44   0CB6            '----- mouseless navigation (arrows / joystick, Enter o
                r Space = activate):
 DE44   0CB6            '----- the zone state machine + cursor parking live in 
                                                                      PAGE  62
                                                                      15 Sep 26
                                                                      18:43:54
Offset  Data    Source Line      Microsoft (R) QuickBASIC Compiler Version 4.50

                GAME2 InvNav
 DE44   0CB6            nvk$ = ""
 DE44   0CB6            IF ivk$ = CHR$(0) + CHR$(72) THEN nvk$ = "U"
 DE88   0CB6            IF ivk$ = CHR$(0) + CHR$(80) THEN nvk$ = "D"
 DEBE   0CB6            IF ivk$ = CHR$(0) + CHR$(75) THEN nvk$ = "L"
 DEF4   0CB6            IF ivk$ = CHR$(0) + CHR$(77) THEN nvk$ = "R"
 DF2A   0CB6            IF ivk$ = CHR$(13) OR ivk$ = " " THEN nvk$ = "E"
 DF77   0CB6            IF nvk$ = "" AND jsen = 1 THEN CALL JoyNav(nvk$)
 DFB7   0CB6            IF nvk$ <> "" THEN
 DFB7   0CB6                    CALL InvNav(nvk$, nvz, nvb, isel, cic, invtab, 
                ivscr, ivmax, nvx%, nvy%, act%)
 E006   0CB6                    IF act% = 6 THEN GOTO invdone
 E010   0CB6                    IF act% = 7 THEN IF invtab = 1 AND crec > 0 THE
                N GOSUB combdo
 E05B   0CB6                    IF act% = 8 THEN IF exf = 1 THEN GOSUB doexam
 E083   0CB6                    IF act% = 1 OR act% = 2 THEN GOSUB invredraw
 E0AA   0CB6                    IF msen = 1 THEN
 E0AA   0CB6                            '----- park the arrow on the focused el
                ement AND warp the hardware mouse
 E0AA   0CB6                            '----- there (INT 33h fn 4) -- else the
                 next poll sees the physical mouse
 E0AA   0CB6                            '----- position differ from mx/my and i
                nstantly snaps the cursor back
 E0AA   0CB6                            CALL erasecur
 E0C5   0CB6                            mx = nvx%: my = nvy%
 E0C5   0CB6                            mreg.ax = 4: mreg.cx = mx * 2: mreg.dx 
                = my
 E0C5   0CB6                            CALL INTERRUPT(mvint, mreg, mout)
 E0FB   0CB6                            CALL drawcur
 E100   0CB6                    END IF
 E100   0CB6            END IF
 E100   0CB6            GOTO invwait
 E100   0CB6            invdone:
 E103   0CB6            lvsel = 0
 E103   0CB6            IF cic > 0 THEN lvsel = cilist(isel)
 E141   0CB6            IF msen = 1 THEN CALL erasecur
 E15C   0CB6            FOR ivi = 1 TO 36: nwf(iord(ivi)) = 0: NEXT
 E1B8   0CB6            SCREEN 1
 E1B8   0CB6            EXIT SUB
 E1B8   0CB6    
 E1B8   0CB6            '----- lift the cursor, redraw the inventory, put the c
                ursor back
 E1B8   0CB6            invredraw:
 E1C9   0CB6            IF msen = 1 THEN CALL erasecur
 E1E9   0CB6            IF invtab = 1 AND cic > 0 THEN IF cilist(isel) = cbot T
                HEN cbot = 0
 E25E   0CB6            GOSUB invdraw
 E266   0CB6            IF msen = 1 THEN CALL drawcur
 E281   0CB6            RETURN
 E281   0CB6    
 E281   0CB6            '----- quit confirmation: show centered modal, wait for
                 Yes/No (click or key)
 E281   0CB6            doquit:
 E286   0CB6            IF msen = 1 THEN CALL erasecur
                                                                      PAGE  63
                                                                      15 Sep 26
                                                                      18:43:54
Offset  Data    Source Line      Microsoft (R) QuickBASIC Compiler Version 4.50

 E2A6   0CB6            '----- dialogs use the standard UI palette layout (1=dk
                gray 2=ltgray 3=brown);
 E2A6   0CB6            '----- the inventory behind recolours while the modal i
                s up, restored on No
 E2A6   0CB6            PALETTE 1, 8: PALETTE 2, 7: PALETTE 3, 6
 E2A6   0CB6            CALL DrawYNBox("Quit the game?", 1, fontData())
 E304   0CB6            CALL QuitConfirm
 E309   0CB6            DEF SEG = -18432: BLOAD "INVMAIN.PIC", 0: DEF SEG
 E309   0CB6            LINE (186, 162)-(266, 185), 0, BF
 E309   0CB6            LINE (8, 162)-(100, 185), 0, BF
 E309   0CB6            PALETTE 1, 6: PALETTE 2, 7: PALETTE 3, 8
 E309   0CB6            LINE (8, 27)-(202, 151), 0, BF: LINE (210, 34)-(297, 73
                ), 0, BF
 E309   0CB6            GOSUB invdraw
 E404   0CB6            IF msen = 1 THEN CALL drawcur
 E41F   0CB6            RETURN
 E41F   0CB6    
 E41F   0CB6            '----- clamp a new scroll value and apply it
 E41F   0CB6            invss:
 E424   0CB6            IF ivns < 0 THEN ivns = 0
 E44B   0CB6            IF ivns > ivmax THEN ivns = ivmax
 E46D   0CB6            IF ivns <> ivscr THEN ivscr = ivns: GOSUB invredraw
 E497   0CB6            RETURN
 E497   0CB6    
 E497   0CB6            '----- draw the active panel, then the grid cells, sele
                ction ring, info icon
 E497   0CB6            invdraw:
 E49C   0CB6            IF cic > 0 THEN nwf(cilist(isel)) = 0
 E4E3   0CB6            LINE (279, 21)-(283, 25), 0, BF
 E4E3   0CB6            IF invtab = 0 THEN PUT (10, 27), infobuf, PSET ELSE PUT
                 (10, 27), combuf, PSET
 E566   0CB6            FOR ivs = 0 TO 7
 E56E   0CB6                    ivc = ivs MOD 4: ivr = ivs \ 4
 E56E   0CB6                    ivpx = 112 + ivc * 47: ivpy = 31 + ivr * 56
 E56E   0CB6                    ivx = ivscr * 4 + ivs
 E56E   0CB6                    IF ivx < cic THEN ivtk = tix(cilist(ivx)) ELSE 
                ivtk = 34
 E64D   0CB6                    PUT (ivpx, ivpy), tilarr(ivtk * tst), PSET
 E64D   0CB6                    IF ivx < cic THEN IF nwf(cilist(ivx)) = 1 THEN 
                PUT (ivpx + 36, ivpy + 3), starr, OR
 E712   0CB6            NEXT
 E739   0CB6            ivss = isel - ivscr * 4
 E739   0CB6            IF ivss >= 0 AND ivss <= 7 THEN
 E739   0CB6                    ivc = ivss MOD 4: ivr = ivss \ 4: ivpx = 112 + 
                ivc * 47: ivpy = 31 + ivr * 56
 E739   0CB6                    PUT (ivpx, ivpy), tilarr(36 * tst), AND
 E739   0CB6                    PUT (ivpx, ivpy), tilarr(35 * tst), OR
 E739   0CB6            END IF
 E86D   0CB6            exf = 0
 E86D   0CB6            IF invtab = 0 AND cic > 0 THEN
 E86D   0CB6                    sel = cilist(isel)
 E86D   0CB6                    CALL drawText(16, 46, sn$(sel), 2, fontData())
 E949   0CB6                    PUT (30, 56), kmarr(tix(sel) * ist), AND
 E949   0CB6                    PUT (30, 56), iconarr(tix(sel) * ist), OR
                                                                      PAGE  64
                                                                      15 Sep 26
                                                                      18:43:54
Offset  Data    Source Line      Microsoft (R) QuickBASIC Compiler Version 4.50

 E949   0CB6                    CALL drawWrap(14, 114, dn$(sel), 2, 88, 8, font
                Data())
 EA6B   0CB6                    IF INSTR("/3/9/10/16/19/21/25/", "/" + LTRIM$(S
                TR$(sel)) + "/") THEN exf = 1: PUT (84, 40), exmico, PSET
 EACF   0CB6            END IF
 EACF   0CB6            IF invtab = 1 THEN
 EACF   0CB6                    IF cic > 0 THEN sel = cilist(isel): PUT (35, 39
                ), kmarr(tix(sel) * ist), AND: PUT (35, 39), iconarr(tix(sel) *
                 ist), OR
 EBBC   0CB6                    IF cbot > 0 THEN PUT (35, 89), kmarr(tix(cbot) 
                * ist), AND: PUT (35, 89), iconarr(tix(cbot) * ist), OR
 EC6D   0CB6                    GOSUB combchk
 EC75   0CB6            END IF
 EC75   0CB6            GOSUB invthumb
 EC7D   0CB6            CALL drawStats(ob(), cl, cr, fontData())
 EC92   0CB6            IF cic > 0 THEN sel = cilist(isel)
 ECCE   0CB6            RETURN
 ECCE   0CB6    
 ECCE   0CB6            '----- scrollbar thumb
 ECCE   0CB6            invthumb:
 ECD3   0CB6            LINE (302, 37)-(306, 145), 0, BF
 ECD3   0CB6            LINE (303, 37)-(303, 145), 3
 ECD3   0CB6            LINE (305, 37)-(305, 145), 3
 ECD3   0CB6            ivtot = (cic + 3) \ 4
 ECD3   0CB6            IF ivtot < 1 THEN ivtot = 1
 EDA0   0CB6            IF ivtot <= 2 THEN
 EDA0   0CB6                    LINE (302, 37)-(306, 145), 2, BF
 EDA0   0CB6            ELSE
 EDE4   0CB6                    ivth = 218 \ ivtot
 EDE4   0CB6                    IF ivth < 8 THEN ivth = 8
 EE29   0CB6                    ivty = 37 + (ivscr * (108 - ivth)) \ (ivtot - 2
                )
 EE29   0CB6                    LINE (302, ivty)-(306, ivty + ivth), 2, BF
 EE29   0CB6            END IF
 EEAE   0CB6            RETURN
 EEAE   0CB6    
 EEAE   0CB6            '----- rebuild the carried-item list (newest-first), re
                compute scroll max
 EEAE   0CB6            cibuild:
 EEB3   0CB6            cic = 0
 EEB3   0CB6            FOR ivi = 1 TO 36
 EECC   0CB6                    ivn = iord(ivi)
 EECC   0CB6                    IF ob(ivn) = 1 THEN cilist(cic) = ivn: cic = ci
                c + 1
 EF56   0CB6            NEXT
 EF7A   0CB6            FOR ivi = 0 TO cic - 2
 EF94   0CB6                    FOR ivj = 0 TO cic - 2 - ivi
 EFB2   0CB6                            IF aqo(cilist(ivj)) < aqo(cilist(ivj + 
                1)) THEN SWAP cilist(ivj), cilist(ivj + 1)
 F04B   0CB6                    NEXT
 F06F   0CB6            NEXT
 F093   0CB6            ivmax = (cic + 3) \ 4 - 2: IF ivmax < 0 THEN ivmax = 0
 F0E3   0CB6            RETURN
 F0E3   0CB6    
                                                                      PAGE  65
                                                                      15 Sep 26
                                                                      18:43:54
Offset  Data    Source Line      Microsoft (R) QuickBASIC Compiler Version 4.50

 F0E3   0CB6            '----- combine: recipe matching + application live in G
                AME2 (CombChk / CombDo2)
 F0E3   0CB6            combchk:
 F0E8   0CB6            crec = 0
 F0E8   0CB6            IF cic > 0 AND cbot > 0 THEN
 F0E8   0CB6                    sel = cilist(isel)
 F0E8   0CB6                    CALL CombChk(CINT(sel), CINT(cbot), crr%)
 F188   0CB6                    crec = crr%
 F188   0CB6            END IF
 F198   0CB6            IF crec > 0 THEN PUT (29, 129), combtn, PSET
 F1CE   0CB6            RETURN
 F1CE   0CB6    
 F1CE   0CB6            '----- combine: apply the matched recipe, then refresh
 F1CE   0CB6            combdo:
 F1D3   0CB6            CALL CombDo2(CINT(crec), ob(), cnw%)
 F1F9   0CB6            cnew% = cnw%
 F1F9   0CB6            IF cnew% > 0 THEN aqc = aqc + 1: aqo(cnew%) = aqc
 F21F   0CB6            cbot = 0
 F21F   0CB6            invtab = 0
 F21F   0CB6            GOSUB cibuild
 F23F   0CB6            isel = 0: ivscr = 0
 F23F   0CB6            GOSUB invredraw
 F25F   0CB6            RETURN
 F25F   0CB6    
 F25F   0CB6            '----- draw the held item's icon centered on the cursor
                 (AND-mask clears, OR fills = transparent over grid)
 F25F   0CB6            dragdraw:
 F264   0CB6            dgx = mx - 22: IF dgx < 0 THEN dgx = 0 ELSE IF dgx > 27
                5 THEN dgx = 275
 F2C2   0CB6            dgy = my - 20: IF dgy < 0 THEN dgy = 0 ELSE IF dgy > 16
                0 THEN dgy = 160
 F31B   0CB6            GET (dgx, dgy)-(dgx + 44, dgy + 39), dsav
 F31B   0CB6            PUT (dgx, dgy), kmarr(tix(cdi) * ist), AND
 F31B   0CB6            PUT (dgx, dgy), iconarr(tix(cdi) * ist), OR
 F31B   0CB6            RETURN
 F31B   0CB6    
 F31B   0CB6            '----- start dragging: hide the arrow cursor, draw the 
                held item at the cursor
 F31B   0CB6            dragstart:
 F41E   0CB6            cdrg = 1
 F41E   0CB6            IF msen = 1 THEN CALL erasecur
 F44A   0CB6            GOSUB dragdraw
 F452   0CB6            RETURN
 F452   0CB6    
 F452   0CB6            '----- drag move: restore the bg under the old position
                , redraw the item at the new
 F452   0CB6            dragmove:
 F457   0CB6            PUT (dgx, dgy), dsav, PSET
 F457   0CB6            mx = nmx: my = nmy
 F457   0CB6            GOSUB dragdraw
 F49A   0CB6            RETURN
 F49A   0CB6    
 F49A   0CB6            '----- examine: show the item's full-screen content, wa
                it for a key/click, then restore the inventory
                                                                      PAGE  66
                                                                      15 Sep 26
                                                                      18:43:54
Offset  Data    Source Line      Microsoft (R) QuickBASIC Compiler Version 4.50

 F49A   0CB6            doexam:
 F49F   0CB6            IF msen = 1 THEN CALL erasecur
 F4BF   0CB6            '----- the map page opens the full map interface; closi
                ng returns HERE
 F4BF   0CB6            IF sel = 16 THEN
 F4BF   0CB6                    CALL MapView(1, CINT(mrn), CLNG(ob(64)), mvint,
                 msen)
 F522   0CB6                    DEF SEG = -18432
 F522   0CB6                    GOTO exret
 F522   0CB6            END IF
 F52E   0CB6            bk$ = "BOOK": PALETTE 1, 7: PALETTE 2, 2: PALETTE 3, 15
 F52E   0CB6            DEF SEG = -18432: BLOAD bk$ + ".PIC", 0
 F52E   0CB6            GOSUB exdrain
 F595   0CB6            CALL showBook(sel, font3Data())
 F5A2   0CB6            exwt:
 F5A2   0CB6            ek$ = INKEY$: IF ek$ <> "" THEN GOTO exret
 F5CA   0CB6            IF msen = 1 THEN mreg.ax = 3: CALL INTERRUPT(mvint, mre
                g, mout): IF (mout.bx AND 1) <> 0 THEN GOTO exret
 F604   0CB6            GOTO exwt
 F604   0CB6            exret:
 F606   0CB6            GOSUB exdrain
 F613   0CB6            BLOAD "INVMAIN.PIC", 0: DEF SEG
 F613   0CB6            PALETTE 1, 6: PALETTE 2, 7: PALETTE 3, 8
 F613   0CB6            LINE (8, 27)-(202, 151), 0, BF: LINE (210, 34)-(297, 73
                ), 0, BF
 F613   0CB6            '----- re-blank the retired quit/save buttons the reloa
                d brought back
 F613   0CB6            LINE (186, 162)-(266, 185), 0, BF: LINE (8, 162)-(100, 
                185), 0, BF
 F613   0CB6            GOSUB invdraw
 F705   0CB6            IF msen = 1 THEN CALL drawcur
 F720   0CB6            RETURN
 F720   0CB6    
 F720   0CB6            '----- wait for any held mouse button to release (drain
                s the click)
 F720   0CB6            exdrain:
 F725   0CB6            IF msen = 0 THEN RETURN
 F745   0CB6            DO
 F746   0CB6                    mreg.ax = 3: CALL INTERRUPT(mvint, mreg, mout)
 F75D   0CB6            LOOP WHILE (mout.bx AND 1) <> 0
 F75D   0CB6            RETURN
 F75D   0CB6    
 F75D   0CB6    END SUB
 F7DD   0CB6    
 F7DD   0CB6    '----- QuitConfirm: wait for Yes/No on the quit modal -- the in
                teractive loop
 F7DD   0CB6    '----- lives in GAME4 (YNWait) to stay under GAME.BAS's 64K cod
                e ceiling
 F7DD   0CB6    SUB QuitConfirm
 F7E8   0CB6            CALL YNWait(mvint, msen, 1, qcr%)
 F802   0CB6            IF qcr% = 1 THEN SYSTEM
 F810   0CB6    END SUB
 F818   0CB6    
 F818   0CB6    '----- write the live game state to slot 1-10 (saver a-j.pac). 
                                                                      PAGE  67
                                                                      15 Sep 26
                                                                      18:43:54
Offset  Data    Source Line      Microsoft (R) QuickBASIC Compiler Version 4.50

                Lives in GAME.BAS for DIM SHARED access; called from the GAME4 
                save/load screen.
 F818   0CB6    SUB SaveGame (slot AS INTEGER)
 F823   0CB6            DIM slz AS INTEGER
 F823   0CB6            OPEN "saver" + CHR$(slot + 96) + ".pac" FOR OUTPUT AS #
                1
 F823   0CB6            WRITE #1, q$, cl, pt, done$, tt$, a$, lf$
 F823   0CB6            FOR slz = 1 TO 80
 F8B2   0CB6                    WRITE #1, ob(slz)
 F8B2   0CB6            NEXT
 F8E8   0CB6            CLOSE #1
 F8E8   0CB6    END SUB
 F8FA   0CB6    
 F8FA   0CB6    '----- read game state from slot 1-10 + rebuild inventory acqui
                re-order/new-flags (mirrors the old reload: path)
 F8FA   0CB6    SUB LoadGame (slot AS INTEGER)
 F905   0CB6            DIM slz AS INTEGER
 F905   0CB6            OPEN "saver" + CHR$(slot + 96) + ".pac" FOR INPUT AS #1
 F905   0CB6            INPUT #1, q$, cl, pt, done$, tt$, a$, lf$
 F942   0CB6            tt$ = "n": done$ = "": IF LEN(lf$) <> 1 OR INSTR("12346
                789", lf$) = 0 THEN lf$ = "2"
 F9FB   0CB6            '----- old saves hold 65 flags; the extension reads wha
                t exists (EOF guard)
 F9FB   0CB6            FOR slz = 66 TO 80: ob(slz) = 0: NEXT
 FA28   0CB6            FOR slz = 1 TO 80
 FA2E   0CB6                    IF EOF(1) THEN EXIT FOR
 FA3E   0CB6                    INPUT #1, ob(slz)
 FA47   0CB6            NEXT
 FA6F   0CB6            CLOSE #1
 FA6F   0CB6            aqc = 0
 FA6F   0CB6            FOR slz = 1 TO 36
 FA86   0CB6                    IF ob(iord(slz)) = 1 THEN aqc = aqc + 1: aqo(io
                rd(slz)) = aqc ELSE aqo(iord(slz)) = 0
 FB1F   0CB6                    nwf(iord(slz)) = 0
 FB1F   0CB6            NEXT
 FB59   0CB6            ERASE er1
 FB62   0CB6            FOR slz = 1 TO 40
 FB68   0CB6                    gp(slz) = 0#
 FB68   0CB6            NEXT
 FB8E   0CB6    END SUB
 FB96   0CB6    
 FD81   0CB6    

43917 Bytes Available
11748 Bytes Free

    0 Warning Error(s)
    0 Severe  Error(s)
